actuator_total_nested_s,block,collision_nested_s,coverage_10hz_s,index,magnetic_s,planner_s,projection_scale,render_s,reward_10hz_s,rgb_sync_s,step_wall_s,visual_encoder_s
0.6220659271930344,warmup_0,0.049124050012324005,0.38353006896795705,0,1.3004803570802324,0.07642630400368944,1.0,4.104699473828077e-05,0.0361045059398748,0.20498708495870233,3.586640331952367,0.002144811034668237
0.5895100868074223,warmup_0,0.03488445980474353,0.3762680400395766,1,1.295945977093652,0.06217833101982251,1.0,3.7860008887946606e-05,0.009808479109779,0.021792111976537853,3.3336000309791416,0.0018393179634585977
0.6014927873038687,warmup_0,0.035034238069783896,0.38537117891246453,2,1.3019500098307617,0.05976871197344735,1.0,4.053901648148894e-05,0.010380933759734035,0.024699266999959946,3.3519504009746015,0.0019237769884057343
0.6207653858582489,warmup_0,0.034998780000023544,0.40234783611958846,3,1.3351517078699544,0.06676701200194657,1.0,3.8969970773905516e-05,0.010146698914468288,0.0256146130268462,3.420614601986017,0.0019498160108923912
0.6085893657873385,warmup_0,0.035362286726012826,0.38805121614132077,4,1.3497719573788345,0.0643896889523603,1.0,3.653200110420585e-05,0.01816529087955132,0.023379974998533726,3.4412030189996585,0.00186326599214226
0.6413181582465768,warmup_0,0.03543787600938231,0.3858198498492129,5,1.3254253687919118,0.06897041195770726,1.0,3.321497933939099e-05,0.050446267996449023,0.021798212022986263,3.4308329930063337,0.001887509017251432
0.6440300074755214,warmup_0,0.034972747787833214,0.391255512018688,6,1.3092071496648714,0.06428569997660816,1.0,3.493396798148751e-05,0.05069934582570568,0.02051987498998642,3.393362317001447,0.0018450940260663629
0.6411376112373546,warmup_0,0.034866758913267404,0.38966146198799834,7,1.3055597146158107,0.06242152402410284,1.0,3.452796954661608e-05,0.05035256803967059,0.020058809022884816,3.3980715819634497,0.001913323998451233
0.640655453549698,repeat_0,0.037022631091531366,0.38583891093730927,8,1.3168431638041511,0.06538831000216305,1.0,3.523094346746802e-05,0.050544164900202304,0.020479729981161654,3.408667963987682,0.0018883409793488681
0.6462282193824649,repeat_0,0.034792941936757416,0.39548823703080416,9,1.286207871104125,0.06390922400169075,1.0,3.850099164992571e-05,0.05040620791260153,0.020202932006213814,3.371990332962014,0.0020697569707408547
0.6390047427848913,repeat_0,0.03461699071340263,0.3870710529736243,10,1.3049595524207689,0.06667290796758607,1.0,3.3791002351790667e-05,0.05045548593625426,0.016931605990976095,3.366704137995839,0.0019340949947945774
0.6443628299166448,repeat_0,0.03471684124087915,0.392643152968958,11,1.3102146500023082,0.06609469401882961,1.0,4.490296123549342e-05,0.049646584899164736,0.01624780602287501,3.387323537026532,0.0019128069980069995
0.6409364301944152,repeat_0,0.03494761395268142,0.38938769209198654,12,1.312351748929359,0.06464684900129214,1.0,3.4916040021926165e-05,0.05036982905585319,0.01764728600392118,3.3973810719908215,0.001893303997348994
0.6373386095510796,repeat_0,0.03576065710512921,0.38711421488551423,13,1.2929531935369596,0.07569700700696558,1.0,3.466504858806729e-05,0.04974108008900657,0.0157658260432072,3.3680853819823824,0.0019405480124987662
0.6457489123567939,repeat_0,0.03484182310057804,0.39550136687466875,14,1.3177765737636946,0.0632713510422036,1.0,3.492302494123578e-05,0.05109172302763909,0.01672332698944956,3.4240036130067892,0.0018836240051314235
0.6592637696885504,repeat_0,0.03650470305001363,0.3896614650147967,15,1.328775882779155,0.0623401390039362,1.0,3.646494587883353e-05,0.06577208108501509,0.01570087595609948,3.4629544080235064,0.0018921299488283694
0.6508017986780033,repeat_0,0.03820268076378852,0.38714495301246643,16,1.34130003786413,0.0629659160040319,1.0,3.561697667464614e-05,0.054623541014734656,0.015968738007359207,3.449668376997579,0.0018860059790313244
0.6502039615879767,repeat_0,0.035239187942352146,0.39356564794434234,17,1.3180820543202572,0.06523627700516954,1.0,3.900600131601095e-05,0.05536793312057853,0.015906158951111138,3.422149179968983,0.0018768529989756644
0.6447089963476174,repeat_0,0.034986362094059587,0.39022127620410174,18,1.3074094103649259,0.06683006201637909,1.0,3.262801328673959e-05,0.055311141128186136,0.019918007019441575,3.4183676129905507,0.0021493519889190793
0.6394262981484644,repeat_0,0.03491162502905354,0.38341406994732097,19,1.348532832285855,0.0712563639972359,1.0,3.496999852359295e-05,0.05461768602253869,0.014820583979599178,3.4593697380041704,0.0018962239846587181
0.6444004070945084,repeat_0,0.0351681979955174,0.38613490300485864,20,1.3385733290342614,0.06872953497804701,1.0,3.4858996514230967e-05,0.054985759023111314,0.015710100007709116,3.4419760840246454,0.0018434399971738458
0.6596796558587812,repeat_0,0.035663351125549525,0.3930351610179059,21,1.3218324648332782,0.10175354103557765,1.0,3.406201722100377e-05,0.06673879700247198,0.015158535970840603,3.441852268006187,0.0018542030011303723
0.6641003664699383,repeat_0,0.03530015191063285,0.4162324969074689,22,1.3431678969645873,0.06807027099421248,1.0,7.032504072412848e-05,0.05894617398735136,0.01916197600075975,3.4899380899732932,0.001998658000957221
0.674012532515917,repeat_0,0.03504403500119224,0.40220704895909876,23,1.3597071452531964,0.06104134599445388,1.0,3.4190015867352486e-05,0.06397766096051782,0.015415040019433945,3.53852551500313,0.0018604350043460727
0.6658099305350333,repeat_0,0.03551845112815499,0.40068535396130756,24,1.3563241671654396,0.05986016901442781,1.0,3.6367971915751696e-05,0.058554895978886634,0.01659880200168118,3.5301278050174005,0.0018511919770389795
0.6621447308571078,repeat_0,0.03450513706775382,0.3981276510749012,25,1.361041096271947,0.062248156988061965,1.0,3.645604010671377e-05,0.05542584997601807,0.014962102985009551,3.4875431380351074,0.0018767639994621277
0.6455377417732961,repeat_0,0.03514828806510195,0.3879553659935482,26,1.3091138880699873,0.0604353990056552,1.0,3.370898775756359e-05,0.05550698406295851,0.017263973015360534,3.3809647370362654,0.0019180679810233414
0.6531718968763016,repeat_0,0.035008145903702825,0.39729702699696645,27,1.3242988264537416,0.06154016900109127,1.0,3.448099596425891e-05,0.05548813607310876,0.015345826046541333,3.41770357004134,0.0019182019750587642
0.6529706526780501,repeat_0,0.03486820397665724,0.39595528587233275,28,1.313947856600862,0.06679721898399293,1.0,3.2648968044668436e-05,0.05594665993703529,0.016198464029002935,3.4123665079823695,0.0019328269991092384
0.6464562157634646,repeat_0,0.03469782992033288,0.3927702800137922,29,1.3199002193287015,0.0695198429748416,1.0,3.524200292304158e-05,0.055643776955548674,0.015328373003285378,3.4075992070138454,0.0018712179735302925
0.6478131218464114,repeat_0,0.03489974240073934,0.393869167775847,30,1.3117727765929885,0.06298229098320007,1.0,3.8228987250477076e-05,0.05511119111906737,0.016298819973599166,3.397414040984586,0.0019127190462313592
0.6527517592767254,repeat_0,0.03527886315714568,0.3970610520336777,31,1.3067803817684762,0.06844808498863131,1.0,4.611501935869455e-05,0.055730758991558105,0.014956941013224423,3.401798896957189,0.0018518040305934846
0.6488314724992961,repeat_0,0.03634446591604501,0.39010476000839844,32,1.331149417324923,0.06253530498361215,1.0,3.423099406063557e-05,0.05682210501981899,0.015448700985871255,3.4311290770419873,0.0020506050204858184
0.649791561649181,repeat_0,0.03532318101497367,0.3967475341632962,33,1.324219593021553,0.06840687402291223,1.0,3.31290066242218e-05,0.055299929925240576,0.014962661021854728,3.4289327160222456,0.0019135309848934412
0.6470037832041271,repeat_0,0.03471208782866597,0.3919276089873165,34,1.3139999487320893,0.06165075104217976,1.0,3.571301931515336e-05,0.055100813042372465,0.01586979196872562,3.3961433459771797,0.0018475500401109457
0.6609509661211632,repeat_0,0.03675475803902373,0.40138253796612844,35,1.3325971502345055,0.06910242099547759,1.0,3.873102832585573e-05,0.05482461291830987,0.015531312033999711,3.45444696303457,0.0022909219842404127
0.6440417221165262,repeat_0,0.03482325386721641,0.39206346799619496,36,1.325404811068438,0.060710994992405176,1.0,3.72159993276e-05,0.05178555002203211,0.01688105397624895,3.419328434043564,0.0019127269624732435
0.6524319392628968,repeat_0,0.03570017183665186,0.3939199898741208,37,1.3409714231966063,0.10579115699511021,0.5,3.340700641274452e-05,0.05348649004008621,0.014911818958353251,3.514520676981192,0.0018542740144766867
0.6549066791194491,repeat_0,0.03706908825552091,0.39401496888604015,38,1.3275624713860452,0.06564756599254906,1.0,3.921694587916136e-05,0.055053711985237896,0.016201674996409565,3.430712640983984,0.001868346007540822
0.6554475273005664,repeat_0,0.03522846195846796,0.39953418605728075,39,1.3444936965825036,0.06196582695702091,1.0,3.438600106164813e-05,0.05535316589521244,0.014731213042978197,3.4651968959951773,0.0020947870216332376
0.6139156365534291,warmup_1,0.049170687969308347,0.39693118404829875,0,1.329773411853239,0.0781700240331702,1.0,3.444496542215347e-05,0.010173450922593474,0.0311693919938989,3.436086375033483,0.001882733020465821
0.6039540294441395,warmup_1,0.03493005776545033,0.39092169201467186,1,1.2947195076267235,0.08267918601632118,1.0,3.4953001886606216e-05,0.009805326990317553,0.03590049600461498,3.397278526041191,0.0019308520131744444
0.6105323758674785,warmup_1,0.035709490766748786,0.39178567699855193,2,1.33061943622306,0.07836812402820215,1.0,3.554596332833171e-05,0.010206638020463288,0.026055167021695524,3.4313182259793393,0.0018551480025053024
0.6058345343917608,warmup_1,0.034732558066025376,0.3909926291089505,3,1.3322744902106933,0.0663313550176099,1.0,3.4540018532425165e-05,0.009703777031973004,0.02611556404735893,3.417895170976408,0.0019013180281035602
0.60218693112256,warmup_1,0.034770034020766616,0.3902434120536782,4,1.2986784161184914,0.06654450698988512,1.0,3.620702773332596e-05,0.013913471135310829,0.023850283003412187,3.3409377650241368,0.0018476060358807445
0.6394284020061605,warmup_1,0.03500945999985561,0.387764626997523,5,1.3115778625942767,0.0752522749826312,1.0,3.865995677188039e-05,0.05025159800425172,0.02395584201440215,3.398869844037108,0.0019354139803908765
0.6439724344527349,warmup_1,0.03485244791954756,0.39043886901345104,6,1.3234312440617941,0.06741571601014584,1.0,4.642497515305877e-05,0.04996895306976512,0.021853269019629806,3.4315092529868707,0.0018430889467708766
0.6400937623111531,warmup_1,0.03467851789901033,0.39005572290625423,7,1.3020843011327088,0.06234612996922806,1.0,3.392202779650688e-05,0.05154820706229657,0.021879605017602444,3.3794197940151207,0.0018438310362398624
0.6412707297713496,repeat_1,0.03518691606586799,0.39182003209134564,8,1.302425293601118,0.06035991100361571,1.0,3.4374010283499956e-05,0.05005531699862331,0.019278605992440134,3.401735956023913,0.0018413130310364068
0.6383971524774097,repeat_1,0.03470586222829297,0.3872874819790013,9,1.2943924670107663,0.10941572498995811,0.5,3.696599742397666e-05,0.05137170397210866,0.02060473698657006,3.413175688998308,0.0018354390049353242
0.6359757368918508,repeat_1,0.03525538893882185,0.3817706110421568,10,1.3074539439985529,0.06301336002070457,1.0,3.8928992580622435e-05,0.050882728944998235,0.01741227100137621,3.386420358030591,0.0018922809977084398
0.658297969494015,repeat_1,0.03639435092918575,0.40465428814059123,11,1.3181518413475715,0.07174435595516115,1.0,3.786396700888872e-05,0.05192813108442351,0.01789553597336635,3.4201945799868554,0.0019389380468055606
0.6636345209553838,repeat_1,0.03551868716022,0.40959846292389557,12,1.3395396866253577,0.06791521800914779,1.0,3.203598316758871e-05,0.050050518999341875,0.018517090007662773,3.4757181399618275,0.0019813289982266724
0.6569609836442396,repeat_1,0.03596224688226357,0.40436340594897047,13,1.3291735130478628,0.06261681101750582,1.0,3.4176046028733253e-05,0.050874211941845715,0.01974729198263958,3.460386088991072,0.004171265987679362
0.6538025467889383,repeat_1,0.035347081953659654,0.4008200990501791,14,1.3320155629771762,0.09458846098277718,1.0,4.0204962715506554e-05,0.05015105498023331,0.018180681974627078,3.478182875958737,0.0020929049933329225
0.6388228861032985,repeat_1,0.034714243782218546,0.3896642498439178,15,1.3063333783647977,0.06551942805526778,1.0,3.818003460764885e-05,0.05049649206921458,0.017123624042142183,3.394745290046558,0.0018856539973057806
0.6397525696083903,repeat_1,0.03483012190554291,0.38908986904425547,16,1.3054476118413731,0.06685904896585271,1.0,3.733602352440357e-05,0.05068080109776929,0.0160839119926095,3.4013604430365376,0.0019517999608069658
0.63797789264936,repeat_1,0.03497577493544668,0.38972034194739535,17,1.3034749020589516,0.06849134695949033,1.0,3.3817021176218987e-05,0.05081336299190298,0.017489271005615592,3.3911626219633035,0.002186484052799642
0.6388234917540103,repeat_1,0.03499601356452331,0.38839360006386414,18,1.2942487476975657,0.06382932496489957,1.0,4.2669998947530985e-05,0.05079544888576493,0.015344056999310851,3.353658147971146,0.0019466180237941444
0.6450188096496277,repeat_1,0.03463112795725465,0.3921900090062991,19,1.3029575945110992,0.0640910390065983,1.0,3.525300417095423e-05,0.055468140984885395,0.016653752943966538,3.3851890540099703,0.0018835870432667434
0.6530815522419289,repeat_1,0.035963945963885635,0.39580822899006307,20,1.3134812283096835,0.062312269990798086,1.0,3.244302934035659e-05,0.05536488594952971,0.015806782990694046,3.3993271280196495,0.0018960220040753484
0.6563518060720526,repeat_1,0.03512502508237958,0.3998523349291645,21,1.3212814913713373,0.11156701302388683,0.5,3.289699088782072e-05,0.0552226550062187,0.015979638032149523,3.4816856450052,0.0019245900330133736
0.6551903083454818,repeat_1,0.035920758673455566,0.3936355959158391,22,1.3272845335304737,0.07782169699203223,1.0,3.379001282155514e-05,0.05700898787472397,0.01712525699986145,3.4737625470152125,0.0018172009731642902
0.6452259041834623,repeat_1,0.036004906927701086,0.3882173969177529,23,1.3213984731701203,0.060072171967476606,1.0,5.0759001169353724e-05,0.05526352004380897,0.01649031601846218,3.4297623650054447,0.0018492179806344211
0.6508910479024053,repeat_1,0.03503275086404756,0.3970086229965091,24,1.3195997999282554,0.06834896799409762,1.0,3.361597191542387e-05,0.05460389505606145,0.015265278052538633,3.4236148180207238,0.0022667970042675734
0.6452631122083403,repeat_1,0.03498524788301438,0.3880584029830061,25,1.3187855287105776,0.06619564100401476,1.0,3.2772019039839506e-05,0.05529967392794788,0.01594032399589196,3.41538905602647,0.0019180490053258836
0.6397696261992678,repeat_1,0.03464267210802063,0.38509296311531216,26,1.3084429560694844,0.06530169298639521,1.0,4.370301030576229e-05,0.05566948198247701,0.015526005998253822,3.398124466999434,0.0018755010096356273
0.6431085240328684,repeat_1,0.03500083688413724,0.38419269397854805,27,1.3147646756842732,0.06999087397707626,1.0,5.1821989472955465e-05,0.05609444802394137,0.0172416900168173,3.419755351031199,0.001993742014747113
0.6455610370030627,repeat_1,0.03495036979438737,0.38846133300103247,28,1.3030606951215304,0.061587337986566126,1.0,3.282999387010932e-05,0.05450871802167967,0.015449380036443472,3.3968676580116153,0.0019200610113330185
0.6320104876649566,repeat_1,0.0345271619153209,0.38440191507106647,29,1.2911725056474097,0.06070833100238815,1.0,3.927299985662103e-05,0.04940992791671306,0.016204270999878645,3.3600297329830937,0.0018878899863921106
0.6412343748379499,repeat_1,0.035257161769550294,0.39215214108116925,30,1.3049596513155848,0.05849922995548695,1.0,3.925303462892771e-05,0.0504739650641568,0.01664624101249501,3.394542091002222,0.0018898460548371077
0.6428355771349743,repeat_1,0.03465168096590787,0.39407180598936975,31,1.3061764249578118,0.07219089800491929,1.0,3.275199560448527e-05,0.051798019965644926,0.016862219024915248,3.4036525069968775,0.001836627023294568
0.6498035807162523,repeat_1,0.034780409128870815,0.3936762748635374,32,1.3208316784584895,0.06314472295343876,1.0,3.4772034268826246e-05,0.05517555103870109,0.014798927993979305,3.428176850953605,0.001885647012386471
0.7297216463484801,repeat_1,1.5747556179994717,0.39265751803759485,33,1.3079849316854961,1.5154507829574868,1.0,3.3255957532674074e-05,0.054894919972866774,0.01618655800120905,4.92265107302228,0.0018719530198723078
1.683270811510738,repeat_1,2.5132702971459366,0.3986904020421207,34,1.3248339130659588,1.5167005420080386,1.0,3.6904995795339346e-05,0.05652073991950601,0.01756810996448621,5.93484028999228,0.001895248016808182
1.6541634811437689,repeat_1,2.4690742229577154,0.39704392285784706,35,1.3443315638578497,1.4969201270141639,1.0,3.7071993574500084e-05,0.055351186892949045,0.016782116028480232,5.913486405042931,0.0018554499838501215
1.7334824024583213,repeat_1,2.5723371948697604,0.3837186830351129,36,1.3057212174753658,1.5177264040103182,1.0,4.2876985389739275e-05,0.05514334997860715,0.017784395022317767,5.964092318026815,0.0020230499794706702
1.7022169881383888,repeat_1,2.533213568094652,0.38912951096426696,37,1.3268371840240434,1.509369651961606,1.0,3.429100615903735e-05,0.056669196928851306,0.018017152964603156,5.946401807013899,0.0018887559999711812
1.7316430407227017,repeat_1,2.562123942945618,0.39446129102725536,38,1.3272520286263898,1.5153540230239742,1.0,3.418995765969157e-05,0.05616334202932194,0.01611627999227494,5.966146758000832,0.001888715021777898
1.6413974956376478,repeat_1,2.4678494339459576,0.402658759849146,39,1.311982871615328,1.5109057869995013,1.0,3.634701715782285e-05,0.05564099206821993,0.01626786799170077,5.847565651987679,0.0019207639852538705
0.5964793453458697,rollout_0,0.048903342976700515,0.38434116303687915,0,1.3005205540102907,0.0832250679959543,1.0,3.415503306314349e-05,0.00971394288353622,0.03292013902682811,3.3709521690034308,0.0018782859551720321
0.6067431732080877,rollout_0,0.034910617978312075,0.392567188013345,1,1.3000121472286992,0.06871820200467482,1.0,3.9973994717001915e-05,0.010741249890998006,0.03221267997287214,3.366750169021543,0.001965618983376771
0.6048773006768897,rollout_0,0.03486078872811049,0.39116231008665636,2,1.4528863530722447,0.06471961998613551,1.0,3.314699279144406e-05,0.009806056041270494,0.02631308196578175,3.510799821000546,0.0018762550316751003
0.602965057187248,rollout_0,0.03478583099786192,0.389706315996591,3,1.3058394998079166,0.061221249983645976,1.0,3.568298416212201e-05,0.009935300913639367,0.027852290018927306,3.3362337200087495,0.0019104999955743551
0.6106343885185197,rollout_0,0.035522697027772665,0.39555531105725095,4,1.3343750645872205,0.07587586698355153,1.0,3.510195529088378e-05,0.013764915172941983,0.024024773039855063,3.409033156989608,0.0018581720069050789
0.642545185983181,rollout_0,0.03451692883390933,0.3916813660762273,5,1.3126555513008498,0.061211311025545,1.0,3.745401045307517e-05,0.049945219012442976,0.023425395018421113,3.4033722219755873,0.0019287419854663312
0.6437718293746002,rollout_0,0.03483342967228964,0.3922209170414135,6,1.316128577280324,0.08208089700201526,1.0,4.0749029722064734e-05,0.050263934885151684,0.022069186030421406,3.4442015949753113,0.0019268029718659818
0.6507764788111672,rollout_0,0.035111819102894515,0.3991312959115021,7,1.319103809306398,0.063211789005436,1.0,3.4608005080372095e-05,0.050030100101139396,0.02140220900764689,3.4208145110169426,0.0019182420219294727
0.6419147597625852,rollout_0,0.03533994301687926,0.39076896908227354,8,1.3137701787054539,0.08152666798559949,1.0,3.622600343078375e-05,0.05042714293813333,0.0205770920147188,3.446914695960004,0.0020128870382905006
0.6438652835786343,rollout_0,0.035845956939738244,0.3909627130487934,9,1.3211140636121854,0.07120240799849853,1.0,3.999500768259168e-05,0.049909645109437406,0.018531451001763344,3.423944615991786,0.001915089029353112
0.6368761025369167,rollout_0,0.034912817063741386,0.38646653294563293,10,1.2989565680036321,0.06829693599138409,1.0,3.5559001844376326e-05,0.05076309485593811,0.01829357596579939,3.382733782986179,0.001896641042549163
0.6466786347446032,rollout_0,0.03466855303850025,0.39411163883050904,11,1.3240549191832542,0.06102079700212926,1.0,3.7502963095903397e-05,0.0497407900984399,0.01823446503840387,3.4068971459637396,0.0018409809563308954
0.6488760583451949,rollout_0,0.03506840311456472,0.3950192619813606,12,1.3152739032520913,0.05990468797972426,1.0,3.322999691590667e-05,0.05075494712218642,0.0172121369978413,3.401416470995173,0.0018887689802795649
0.6459418430458754,rollout_0,0.03502007178030908,0.3966752130072564,13,1.3048132138792425,0.0716934660449624,1.0,3.457901766523719e-05,0.050519122974947095,0.016056889959145337,3.399065653036814,0.0018963590264320374
0.6479262533830479,rollout_0,0.03439581673592329,0.39397891191765666,14,1.2961097454535775,0.08410229999572039,1.0,3.860495053231716e-05,0.05558980308705941,0.01878745498834178,3.4014334149542265,0.0019067529938183725
0.647140275570564,rollout_0,0.034656603645998985,0.3927300529903732,15,1.3130595124093816,0.06538178998744115,1.0,3.3137970604002476e-05,0.054949328070506454,0.01538423402234912,3.3908314959844574,0.001891174993943423
0.6492883893079124,rollout_0,0.034561240405309945,0.39493241492891684,16,1.3028187573654577,0.0772195189492777,1.0,3.527902299538255e-05,0.05550101707922295,0.01678704598452896,3.400038382038474,0.0018845690065063536
0.6464851856580935,rollout_0,0.03519740572664887,0.38938232796499506,17,1.3246713780099526,0.07017786102369428,1.0,3.726297290995717e-05,0.0546770408982411,0.015956385002937168,3.408917671011295,0.0019106430117972195
0.6489793228683993,rollout_0,0.03519138210685924,0.392851875978522,18,1.3031517587369308,0.060261618986260146,1.0,3.676500637084246e-05,0.056124767172150314,0.017364485014695674,3.392797384993173,0.001863558019977063
0.6457393600139767,rollout_0,0.0348200302105397,0.39166628289967775,19,1.3031391738331877,0.06317259999923408,1.0,3.4770986530929804e-05,0.054446499969344586,0.016019292001146823,3.3918465060414746,0.0018925259937532246
0.6412253062590025,rollout_0,0.034812961879651994,0.38493674813071266,20,1.3100450073834509,0.07710622600279748,1.0,3.676500637084246e-05,0.05520253599388525,0.016297442954964936,3.403838280006312,0.0018738110084086657
0.65014999138657,rollout_0,0.034738665795885026,0.39288376923650503,21,1.3067403748864308,0.06353012600447983,1.0,3.77069809474051e-05,0.055696094990707934,0.015490674995817244,3.4031541829463094,0.001842524972744286
0.6443061002064496,rollout_0,0.03465640195645392,0.3901153651531786,22,1.3019767261575907,0.06933352700434625,1.0,3.415398532524705e-05,0.05526515608653426,0.01666373194893822,3.3769577909843065,0.0018486360204406083
0.6446647969423793,rollout_0,0.034845024230889976,0.3908031088649295,23,1.3156227613799274,0.06486579601187259,1.0,3.350101178511977e-05,0.05460101296193898,0.014911748992744833,3.3904351299861446,0.00188507599523291
0.6469724762719125,rollout_0,0.035412691067904234,0.39479423098964617,24,1.3236351035884582,0.06901421002112329,1.0,3.4209981095045805e-05,0.04984023002907634,0.016223323007579893,3.426565470988862,0.0019311710493639112
0.6505923476652242,rollout_0,0.0347320512519218,0.3949201340437867,25,1.314384140598122,0.12425073300255463,0.5,3.4468015655875206e-05,0.05356349400244653,0.015150760998949409,3.4761291070026346,0.001856229966506362
0.6447154168854468,rollout_0,0.03446526802144945,0.3899390639853664,26,1.3165816074470058,0.11517901701154187,0.5,3.608502447605133e-05,0.05461664992617443,0.017951833026017994,3.4409826739574783,0.002040025021415204
0.6498305983841419,rollout_0,0.03483735112240538,0.3886650230269879,27,1.3203497582580894,0.06300257501425222,1.0,3.512902185320854e-05,0.05549819098087028,0.01601548702456057,3.3944312679814175,0.0018522770260460675
0.6451590359793045,rollout_0,0.03453307005111128,0.39013038791017607,28,1.309008667129092,0.06440733396448195,1.0,3.821897553279996e-05,0.055145855993032455,0.01856139797018841,3.3995851809741,0.0019023310160264373
0.6561319126631133,rollout_0,0.03656866622623056,0.39532478799810633,29,1.3469217192032374,0.0659363679587841,1.0,3.5101023968309164e-05,0.054420879983808845,0.01589261001208797,3.4630322589655407,0.0019731709617190063
0.6467625865479931,rollout_0,0.03513323294464499,0.3907583719701506,30,1.3234640058944933,0.06473161902977154,1.0,3.3776042982935905e-05,0.05534474196610972,0.017822585010435432,3.4363770380150527,0.0018274169997312129
0.6573682054295205,rollout_0,0.03518106898991391,0.3968642798718065,31,1.3352297695237212,0.06294214999070391,1.0,3.387394826859236e-05,0.05677345104049891,0.015800835972186178,3.4414593700203113,0.0018995240097865462
0.6622442520456389,rollout_0,0.037262154975906014,0.39134598593227565,32,1.3143584998324513,0.07190714502939954,1.0,3.6286015529185534e-05,0.06707210582681,0.01900214998750016,3.4429419019725174,0.0019053829601034522
0.6544735730276443,rollout_0,0.03514065995113924,0.39668765099486336,33,1.3289342079078779,0.07471067795995623,1.0,4.331301897764206e-05,0.055197437992319465,0.017941516009159386,3.45892201497918,0.0019277440151199698
0.6558845435502008,rollout_0,0.03467893216293305,0.3971065789228305,34,1.3317147074267268,0.06960402900585905,1.0,4.091201117262244e-05,0.05522137798834592,0.017393934016581625,3.4589570469688624,0.0019056059536524117
0.6411673446418718,rollout_0,0.03486259304918349,0.3869677471811883,35,1.3314171568490565,0.08017882704734802,1.0,3.377697430551052e-05,0.053016745077911764,0.01580096100224182,3.441782261012122,0.0018947319476865232
0.6619088696897961,rollout_0,0.03614324680529535,0.398822954040952,36,1.3881349482689984,0.06690741499187425,1.0,4.686700413003564e-05,0.05178052111295983,0.01818431494757533,3.550527542945929,0.0020666110212914646
0.659128375526052,rollout_0,0.03787498868769035,0.39558251097332686,37,1.3542904443456791,0.07255779003025964,1.0,3.343203570693731e-05,0.05509585194522515,0.016223301005084068,3.485212062019855,0.0018587590311653912
1.0423560318304226,rollout_0,1.882342591008637,0.38902708393288776,38,1.3523740249802358,1.5154711549985223,1.0,4.186999285593629e-05,0.05606984504265711,0.016748076013755053,5.315072480007075,0.0019013300188817084
1.6697953373659402,rollout_0,2.5038054609904066,0.38424653897527605,39,1.3169665024615824,1.5054627179633826,1.0,3.543100319802761e-05,0.055350500042550266,0.01625082199461758,5.876274758018553,0.0018674249877221882
0.8106894984375685,rollout_0,1.6451568850898184,0.38927982095628977,40,1.3138272342621349,1.5117576360353269,1.0,3.354699583724141e-05,0.054565140046179295,0.018178604019340128,5.021951917966362,0.0019686169689521194
0.6412547976942733,rollout_0,0.03463960182853043,0.38736105704447255,41,1.3111679220455699,0.06237902399152517,1.0,3.9062986616045237e-05,0.05513654800597578,0.018484233994968235,3.38954957498936,0.0018847279716283083
0.6583062386489473,rollout_0,0.035015854868106544,0.39699913799995556,42,1.3209377453895286,0.059588108968455344,1.0,4.176696529611945e-05,0.05804293090477586,0.017455118999350816,3.443582042993512,0.0018606240046210587
1.305862579261884,rollout_0,2.1357827399042435,0.3911278590676375,43,1.3411063461680897,1.5061285989941098,1.0,4.9663009122014046e-05,0.0568466549157165,0.01736949698533863,5.564035932999104,0.001908735022880137
1.5741153929266147,rollout_0,2.40768987510819,0.38436715106945485,44,1.3173643780173734,1.504607128968928,1.0,3.2790994737297297e-05,0.055438671086449176,0.01721460500266403,5.7864863610011525,0.001972658035811037
1.6272204027627595,rollout_0,2.462530404969584,0.38557145406957716,45,1.3195717699127272,1.5109880559612066,1.0,3.9162987377494574e-05,0.05595676298253238,0.016115712001919746,5.836558972951025,0.0018846530001610518
1.733146715501789,rollout_0,2.5719627792714164,0.3897473109536804,46,1.3151218013954349,1.5184266179567203,1.0,3.3145013730973005e-05,0.05404139310121536,0.019061597005929798,5.950469050963875,0.0020313209970481694
1.5166762546286918,rollout_0,2.338931954058353,0.39534492703387514,47,1.3330437762779184,1.5057610949734226,1.0,3.851699875667691e-05,0.04969743511173874,0.0172854769625701,5.736773327982519,0.0018710080184973776
1.2010806449106894,rollout_0,2.0410700793145224,0.3885347750619985,48,1.3068044498795643,1.5015939659788273,1.0,3.583199577406049e-05,0.04999463685089722,0.01608000899432227,5.356373296002857,0.0021154839778319
1.9105683451634832,rollout_0,2.7514751693815924,0.3880610428750515,49,1.3143358243396506,1.5277373520075344,1.0,3.448198549449444e-05,0.05020019592484459,0.01674340001773089,6.127062492014375,0.0018973409896716475
1.7202412491315044,rollout_0,2.574152987857815,0.382317557989154,50,1.3314036395750009,1.5278741259826347,1.0,3.7502963095903397e-05,0.051070519955828786,0.016926582029554993,5.975267497007735,0.0019404700142331421
1.7775978614226915,rollout_0,2.614918344130274,0.3950026060338132,51,1.3264742349274457,1.517865015019197,1.0,3.331800689920783e-05,0.05000706895953044,0.016270346008241177,6.029290852020495,0.0019430849933996797
1.5803481709444895,rollout_0,2.4156417788472027,0.39458939200267196,52,1.3263689489103854,1.5181119359913282,1.0,3.452296368777752e-05,0.050929999037180096,0.017656313022598624,5.8326902510016225,0.0018488080240786076
0.6465206529246643,rollout_0,0.03479595994576812,0.392821854155045,53,1.3358217109343968,0.07233907101908699,1.0,4.110904410481453e-05,0.05061211594147608,0.01676997501635924,3.4690676429891028,0.0019527440308593214
0.7576479827403091,rollout_0,1.6003316991846077,0.3917536941007711,54,1.3184802418691106,1.5229343849932775,1.0,3.374001244083047e-05,0.05053400789620355,0.018386183015536517,4.984091277001426,0.0019108499982394278
1.6984250759705901,rollout_0,2.5336866662837565,0.39428051898721606,55,1.330866267788224,1.5216224450268783,1.0,4.031503340229392e-05,0.05128425091970712,0.019524511008057743,5.968214385036845,0.0019003459601663053
0.6488930051564239,rollout_0,0.03521267179166898,0.39349573804065585,56,1.3414913562010042,0.06439007900189608,1.0,3.866804763674736e-05,0.05160386807983741,0.018156779988203198,3.4644830920151435,0.001962342008482665
0.9613752754521556,rollout_0,1.8131886971532367,0.39036533603211865,57,1.3249980710097589,1.5296225589700043,1.0,4.78189904242754e-05,0.05632440297631547,0.017620684986468405,5.216156567970756,0.002227417950052768
0.6582553869811818,rollout_0,0.03619082074146718,0.3943032340030186,58,1.3423456440796144,0.06257870502304286,1.0,3.75090166926384e-05,0.056060230010189116,0.01752991898683831,3.481150384992361,0.001862326986156404
0.6433866983861662,rollout_0,0.034736499190330505,0.3907068419503048,59,1.3186201535281725,0.07962462602881715,1.0,4.049896961078048e-05,0.056199844053480774,0.018776709970552474,3.421881760994438,0.001886650046799332
0.6468375929398462,rollout_0,0.03490900882752612,0.3917664210894145,60,1.3199757980764844,0.06258141004946083,1.0,3.285199636593461e-05,0.05496775696519762,0.017959128017537296,3.4463442319538444,0.004445647995453328
0.7538451923755929,rollout_0,1.5957921156659722,0.3930145219201222,61,1.3197550193290226,1.5438600219786167,1.0,3.9480975829064846e-05,0.0544007130083628,0.017490695987362415,4.985202568001114,0.0018766470020636916
1.0619994780863635,rollout_0,1.9111647278768942,0.38977646600687876,62,1.3335197860142216,1.5327007900341414,1.0,3.408599877730012e-05,0.05513878300553188,0.01820589101407677,5.320927301014308,0.0019363789469935
1.6389730971422978,rollout_0,2.4732528891181573,0.39015503705013543,63,1.3277180821169168,1.5122721419902518,1.0,3.686296986415982e-05,0.05583958199713379,0.01863612898159772,5.881369327020366,0.0018484549946151674
0.60605472169118,rollout_1,0.05005344620440155,0.39039673295337707,0,1.3148863336537033,0.08353252400411293,1.0,4.212500061839819e-05,0.011026120919268578,0.0315516940318048,3.4186715749674477,0.0019300029962323606
0.6072549240780063,rollout_1,0.03524990857113153,0.3937761139823124,1,1.3012313012150116,0.06480047502554953,1.0,3.45159787684679e-05,0.009763008158188313,0.03141135902842507,3.394546188006643,0.0018505720072425902
0.5984381555463187,rollout_1,0.03561110171722248,0.3806812780094333,2,1.3093472209875472,0.06102640903554857,1.0,3.912596730515361e-05,0.009774234029464424,0.02650973800336942,3.357556784991175,0.001986685034353286
0.5991777614690363,rollout_1,0.034927117987535894,0.38267191709019244,3,1.2998323196079582,0.06504255800973624,1.0,3.6814017221331596e-05,0.01018682704307139,0.02512383699649945,3.341903264983557,0.0018633569707162678
0.6039341151481494,rollout_1,0.036261364992242306,0.3879379979916848,4,1.3066278168116696,0.06559656996978447,1.0,3.554899012669921e-05,0.014168318011797965,0.026019051030743867,3.3846103690448217,0.0021946129854768515
0.6330043284106068,rollout_1,0.034693228895775974,0.3804492569761351,5,1.2963034522836097,0.11008984601357952,0.5,3.3557997085154057e-05,0.05045299412449822,0.022556779033038765,3.413157458009664,0.0019276750390417874
0.6404977475176565,rollout_1,0.035431382013484836,0.38470353808952495,6,1.3049221487599425,0.06271119398297742,1.0,3.2239011488854885e-05,0.051127606886439025,0.022205988003406674,3.3880707410280593,0.0018971650279127061
0.651050879212562,rollout_1,0.03524487785762176,0.3972104950225912,7,1.3060604009078816,0.06349307205528021,1.0,3.821903374046087e-05,0.05096450401470065,0.021887220966164023,3.408466351975221,0.0018914039828814566
0.6446278152288869,rollout_1,0.03746578091522679,0.38957642298191786,8,1.3207072030054405,0.07093198999064043,1.0,3.940699389204383e-05,0.051337363896891475,0.02065072499681264,3.4382274720119312,0.0019323629676364362
0.6541490129311569,rollout_1,0.03516429825685918,0.39898700889898464,9,1.3386939085903578,0.11001728900009766,0.5,3.491196548566222e-05,0.05059951398288831,0.018217239005025476,3.5020914020133205,0.0018528630025684834
0.6509755247388966,rollout_1,0.03669299802277237,0.3957108299364336,10,1.3134090469102375,0.06587782700080425,1.0,3.562105121091008e-05,0.0519283379544504,0.01910659996792674,3.4348449649987742,0.0019197590299881995
0.6391419537249021,rollout_1,0.03504572104429826,0.3881136220879853,11,1.3265435651992448,0.06614651600830257,1.0,3.2451003789901733e-05,0.0508826730074361,0.017559867003001273,3.426277654012665,0.0020562110003083944
0.6392416140297428,rollout_1,0.035116004291921854,0.3854467369383201,12,1.3112530473154038,0.07282714900793508,1.0,3.5100034438073635e-05,0.05235443694982678,0.01929312798893079,3.408306427008938,0.0019145390251651406
0.6555996244424023,rollout_1,0.03564196004299447,0.392774905951228,13,1.3517133423010819,0.06900873297126964,1.0,3.5028031561523676e-05,0.05098850606009364,0.016324753989465535,3.495334475999698,0.001997201004996896
0.6497105526505038,rollout_1,0.0349495928385295,0.3972099489183165,14,1.472619996755384,0.058030553977005184,1.0,3.4208991564810276e-05,0.05047281499719247,0.01768682897090912,3.595239666989073,0.0019292969955131412
0.6390411286265589,rollout_1,0.03469157998915762,0.3870341650908813,15,1.314829784736503,0.07036172202788293,1.0,3.4195021726191044e-05,0.05022075597662479,0.017077526019420475,3.405538303020876,0.0018809670000337064
0.6444990060990676,rollout_1,0.03509358782321215,0.3909058569697663,16,1.3216802439419553,0.06383040297077969,1.0,4.640000406652689e-05,0.0512431250535883,0.018995274032931775,3.4172241570195183,0.0019345659529790282
0.6416897608432919,rollout_1,0.036041114188265055,0.38375890103634447,17,1.3312818732811138,0.07458862097701058,1.0,3.282295074313879e-05,0.05046572408173233,0.016623711970169097,3.436715057992842,0.0019220550311729312
0.6403001525322907,rollout_1,0.035066487616859376,0.3866764970589429,18,1.3133527983445674,0.07079597801202908,1.0,4.453898873180151e-05,0.051685987040400505,0.016824909951537848,3.3849214849760756,0.001930224010720849
0.6440587970428169,rollout_1,0.035452022100798786,0.3927260579657741,19,1.3236760263098404,0.06390776997432113,1.0,3.2697978895157576e-05,0.04981544701149687,0.01817842200398445,3.4047000680002384,0.0019560340442694724
0.6427161584142596,rollout_1,0.03573627502191812,0.38917262089671567,20,1.3217938849702477,0.06679241004167125,1.0,3.341800766065717e-05,0.05078463611425832,0.019327707996126264,3.414182548993267,0.0019502619979903102
0.6455475101829506,rollout_1,0.036331804003566504,0.3909616829478182,21,1.3201448320178315,0.07385437696939334,1.0,4.3342006392776966e-05,0.05128311301814392,0.016847582010086626,3.3911222989554517,0.0019671620102599263
0.6448908111779019,rollout_1,0.03468020790023729,0.38892765704076737,22,1.3260296850348823,0.1144829349941574,0.5,4.1463994421064854e-05,0.050673094985540956,0.016897199966479093,3.446521801990457,0.001909702958073467
0.6570630787173286,rollout_1,0.03560398914851248,0.4062035910319537,23,1.3308508469490334,0.06274402100825682,1.0,5.973497172817588e-05,0.05006452993256971,0.01787110895384103,3.4360850719967857,0.0018717990024015307
0.6433708244003356,rollout_1,0.03503722802270204,0.39110994490329176,24,1.3051402319106273,0.07402424904284999,1.0,4.2687985114753246e-05,0.05074765509925783,0.016026978031732142,3.3959912880090997,0.0018689130083657801
0.6447709114290774,rollout_1,0.03666822594823316,0.3884210931137204,25,1.3114905167021789,0.0604167029960081,1.0,3.632897278293967e-05,0.05322894896380603,0.015386184037197381,3.3715377660118975,0.0019265500013716519
0.6492414545500651,rollout_1,0.034936211188323796,0.3912597210146487,26,1.313956986356061,0.07771021797088906,1.0,3.4254975616931915e-05,0.056127344083506614,0.020198151003569365,3.4216564639937133,0.0018770730239339173
0.6677394847502001,rollout_1,0.0365068546961993,0.40399709407938644,27,1.323822614038363,0.0672688790364191,1.0,4.9183028750121593e-05,0.05905281804734841,0.015464081021491438,3.4469103760202415,0.0019288220210000873
0.6894554761238396,rollout_1,0.03809794579865411,0.41531597694847733,28,1.3235347920563072,0.07087407598737627,1.0,3.370799822732806e-05,0.06969431991456077,0.016312915016897023,3.4573380239889957,0.001886133977677673
0.6456095129833557,rollout_1,0.0353312169900164,0.38755899999523535,29,1.314111533225514,0.07314945000689477,1.0,3.578601172193885e-05,0.05545251799048856,0.015277850034181029,3.4143551160232164,0.0019613970071077347
0.9979740561102517,rollout_1,1.843454574875068,0.38606852100929245,30,1.3463680587592535,1.5202948939986527,1.0,3.5486998967826366e-05,0.055312925949692726,0.018982516950927675,5.2595397119876,0.0018660309724509716
1.5632011270499788,rollout_1,2.3901264317682944,0.39591934403870255,31,1.3558519330108538,1.5153171200072393,1.0,3.729900345206261e-05,0.05592745094327256,0.016779395984485745,5.853197258955333,0.0018733490142039955
1.5900798285729252,rollout_1,2.397919363924302,0.40547493199119344,32,1.3209060677327216,1.5006112330011092,1.0,3.48759931512177e-05,0.06038798001827672,0.01614597300067544,5.80847966496367,0.0019446510123088956
1.700330326857511,rollout_1,2.5543989911675453,0.38577694905688986,33,1.314604849438183,1.5320446390542202,1.0,3.7326011806726456e-05,0.05569291196297854,0.016689351992681623,5.948222403007094,0.0018629870028235018
1.5888725560507737,rollout_1,2.4268795912503265,0.3883307569194585,34,1.3169181230477989,1.5222133609931916,1.0,3.673497121781111e-05,0.056058540125377476,0.018145072972401977,5.834636818966828,0.001910983002744615
1.8332973507931456,rollout_1,2.674648152780719,0.3868424989050254,35,1.3385488198837265,1.5272741160006262,1.0,3.50099871866405e-05,0.053934747993480414,0.017302789958193898,6.1168622829718515,0.001888816012069583
1.770773176685907,rollout_1,2.6028827177360654,0.3865514960489236,36,1.3278887572232634,1.535389208002016,1.0,3.735796781256795e-05,0.05694797507021576,0.016777751967310905,6.056818267039489,0.0019340349826961756
1.6521730162203312,rollout_1,2.483998545270879,0.39320535311708227,37,1.3226984731154516,1.5212603500112891,1.0,3.2513984479010105e-05,0.05558485793881118,0.0171825920115225,5.908152137999423,0.0019654440111480653
1.6957278461195529,rollout_1,2.528391715255566,0.3917075770441443,38,1.339586278074421,1.5175200600060634,1.0,3.412895603105426e-05,0.05734057701192796,0.01583788002608344,5.976015384949278,0.0018670319695957005
1.7822981118224561,rollout_1,2.6179972187965177,0.38415484211873263,39,1.3037316369009204,1.541691294987686,1.0,3.874598769471049e-05,0.055790053971577436,0.017514742037747055,6.033020105038304,0.001986467046663165
1.739987191860564,rollout_1,2.576457326998934,0.38916345802135766,40,1.3214653690811247,1.5297169939731248,1.0,3.44969448633492e-05,0.05565930105512962,0.016699030005838722,5.9953796050394885,0.0019553080201148987
1.767217930580955,rollout_1,2.6354556899750605,0.38912539603188634,41,1.32013124570949,1.5650206430000253,1.0,3.954797284677625e-05,0.056149497046135366,0.01612021098844707,6.055728615028784,0.00202605698723346
1.6138134459615685,rollout_1,2.4707629330805503,0.3852702379808761,42,1.3219741028733552,1.527896318002604,1.0,3.4652999602258205e-05,0.05559478106442839,0.017462015035562217,5.870497795054689,0.0020853140158578753
1.6376804725732654,rollout_1,2.4758734191418625,0.3868635300314054,43,1.337565906404052,1.517028818023391,1.0,3.475096309557557e-05,0.05582870403304696,0.016161864972673357,5.911438241018914,0.001980869041290134
1.6141991501208395,rollout_1,2.444189559959341,0.3910902210045606,44,1.3466215014923364,1.512880555994343,1.0,3.390602068975568e-05,0.056188857881352305,0.01831246301298961,5.904099125007633,0.0018686199910007417
1.5867480051820166,rollout_1,2.441539559222292,0.3808365589356981,45,1.3325326090562157,1.5230200149817392,1.0,3.3000949770212173e-05,0.053541754954494536,0.017219791014213115,5.848307458043564,0.0018695619655773044
1.6944438657956198,rollout_1,2.5338200409314595,0.39208768296521157,46,1.3301625461899675,1.5297313120099716,1.0,3.647099947556853e-05,0.050487710046581924,0.01633268501609564,5.962507598975208,0.0018830839544534683
1.6580967798945494,rollout_1,2.5068366621853784,0.3929855829337612,47,1.3102756255539134,1.522976994048804,1.0,3.282399848103523e-05,0.05022719799308106,0.01635532104410231,5.883086888003163,0.0019141759839840233
1.6337369059910998,rollout_1,2.47547252982622,0.3975625079474412,48,1.3065543237607926,1.517947144981008,1.0,3.689603181555867e-05,0.0503445680369623,0.016680328000802547,5.8504836760112084,0.0018575650174170732
1.6366613702266477,rollout_1,2.4958343488979153,0.3804739030892961,49,1.3066408887389116,1.519025546964258,1.0,3.278400981798768e-05,0.05013162503018975,0.016448876005597413,5.864620146981906,0.0018923089955933392
1.6542278247652575,rollout_1,2.4984653160790913,0.38287806388689205,50,1.314191890123766,1.50841034197947,1.0,3.336701774969697e-05,0.053357083117589355,0.01612280198605731,5.858852862962522,0.0018822569982148707
1.7113300575874746,rollout_1,2.5724683379521593,0.3848650470026769,51,1.3071479287464172,1.5326962930266745,1.0,3.43149877153337e-05,0.055265839968342334,0.016505490988492966,5.938207319006324,0.0019418850424699485
1.58264354680432,rollout_1,2.4184584020404145,0.38602637202711776,52,1.3065762868500315,1.5394002909888513,1.0,4.5481021516025066e-05,0.055790765036363155,0.01924720103852451,5.801901864004321,0.002083911036606878
1.710171299171634,rollout_1,2.5561359700514004,0.3859982798458077,53,1.3203504989505745,1.5322839219588786,1.0,3.43850115314126e-05,0.055681513040326536,0.018638517998624593,5.9687639939947985,0.001850512984674424
1.538539263943676,rollout_1,2.3737700621713884,0.3880264910403639,54,1.3317418492515571,1.5632279649726115,0.5,3.503699554130435e-05,0.05567567207617685,0.017403667035978287,5.840489541995339,0.0020314229768700898
1.6527294769184664,rollout_1,2.483296471182257,0.3892217078828253,55,1.3082294188789092,1.508827608951833,1.0,3.5167031455785036e-05,0.05598039907636121,0.01825862401165068,5.854715717956424,0.0018686330295167863
1.6492730009485967,rollout_1,2.486704152019229,0.38281278999056667,56,1.3134059504955076,1.5071764290332794,1.0,3.513001138344407e-05,0.05591403297148645,0.018514508963562548,5.867525910958648,0.0018872729851864278
1.6596456806291826,rollout_1,2.4981948961503804,0.3845086839864962,57,1.322178119851742,1.516581731964834,1.0,3.371300408616662e-05,0.05563618382439017,0.016998412960674614,5.906921248999424,0.0019195160130038857
1.5077121778740548,rollout_1,2.354799735941924,0.3836814170354046,58,1.3093194839311764,1.5157843820052221,1.0,3.607600228860974e-05,0.056415892962832004,0.01694921898888424,5.71281783701852,0.001979405991733074
1.6584063487243839,rollout_1,2.4988731740158983,0.3872598068555817,59,1.302992989309132,1.5129396420088597,1.0,3.473000833764672e-05,0.05579376296373084,0.016431568015832454,5.864776828966569,0.0018372509512118995
1.41671916883206,rollout_1,2.2594475583173335,0.3904163919505663,60,1.3101132214651443,1.567202399019152,0.5,3.715400816872716e-05,0.05229591211536899,0.015978932031430304,5.698511988972314,0.0018757130019366741
1.789755717269145,rollout_1,2.624449583061505,0.3895191709161736,61,1.3013546330621466,1.5418438640190288,1.0,4.4803018681705e-05,0.05470098095247522,0.019574132980778813,6.036260026041418,0.001985860988497734
1.6819891505874693,rollout_1,2.5202807289315388,0.3871664169128053,62,1.3193702643038705,1.5129147080006078,1.0,4.566897405311465e-05,0.05548039509449154,0.016903383017051965,5.926843017979991,0.0020490780007094145
1.6224501607357524,rollout_1,2.458361486089416,0.38626602111617103,63,1.305792136641685,1.5087938560172915,1.0,3.59980040229857e-05,0.055701575183775276,0.01644014404155314,5.835306257009506,0.0018600839539431036
