C120,C30,C60,condition,nAUC_120,pose_id,reached_80,reached_90,reached_95,seed,time_to_80,time_to_90,time_to_95,update
0.9932223884780453,0.9674332751789866,0.9697620841537375,blind,0.9198407095196046,validation-0006,True,True,True,991001,11.9,23.0,25.3,1000
0.9951730603028965,0.9252989481808075,0.9882326721210719,blind,0.922249953705893,validation-0011,True,True,True,991001,9.5,14.5,35.6,1000
0.9948598424104024,0.9729562454021634,0.9856729259545769,blind,0.9163350613844031,validation-0015,True,True,True,991001,14.2,23.3,25.1,1000
0.9957076365882275,0.9691284750300282,0.9903035779109813,blind,0.9238191370400066,validation-0017,True,True,True,991001,12.3,17.6,18.4,1000
0.9917194896598437,0.9760882807346662,0.9917194896598437,blind,0.9183544605992019,validation-0019,True,True,True,991001,13.3,14.4,26.8,1000
0.9989376751393042,0.8846615343552956,0.9804151939851782,blind,0.9152594643089472,validation-0035,True,True,True,991001,8.4,52.3,52.7,1000
0.9588525461690454,0.732604245097955,0.9557760537104745,blind,0.8290806228536278,validation-0040,True,True,True,991001,54.0,54.9,55.4,1000
0.982640901151268,0.9705721221326841,0.980215662351638,blind,0.9189226122253281,validation-0042,True,True,True,991001,17.6,27.9,29.1,1000
0.9515286286620772,0.7445686805685849,0.7947873686169238,blind,0.7561915742837219,validation-0045,True,True,True,991001,87.0,101.2,102.1,1000
0.996033212545833,0.9062101233528042,0.9828154599780241,blind,0.8722011219404938,validation-0046,True,True,True,991001,17.2,29.6,44.2,1000
0.99931510242739,0.7902169793262088,0.917475896269724,blind,0.8300174251116118,validation-0051,True,True,True,991001,30.7,58.1,77.0,1000
0.9979869747282065,0.9383581127088941,0.9825252683632589,blind,0.8863225759884007,validation-0058,True,True,True,991001,29.0,29.2,41.3,1000
0.976919233309134,0.9568446236506759,0.9711835739607899,blind,0.8964264050029471,validation-0060,True,True,True,991001,15.8,19.1,29.2,1000
0.9960958337550749,0.7569116334142124,0.9875034736159398,blind,0.8909813495112878,validation-0063,True,True,True,991001,40.7,41.4,42.2,1000
0.9956488704154118,0.9615540057171812,0.9902548227306891,blind,0.9186549326373805,validation-0067,True,True,True,991001,12.3,16.1,27.0,1000
0.9893068062394428,0.9618923334018591,0.9893068062394428,blind,0.905262985896752,validation-0068,True,True,True,991001,17.9,29.1,29.2,1000
0.9657481341078452,0.9047914612954586,0.9213616451415952,blind,0.8919698943783939,validation-0069,True,True,True,991001,11.6,25.5,72.1,1000
0.9964487511255364,0.9288203609940509,0.9827456021686298,blind,0.9264975051526129,validation-0092,True,True,True,991001,9.0,12.3,34.8,1000
0.9515570199249029,0.8957609995573941,0.9515570199249029,blind,0.8842204713412459,validation-0095,True,True,True,991001,12.2,30.8,54.9,1000
0.9973131927137667,0.7381443436305016,0.9943626373785677,blind,0.8502001576486751,validation-0097,True,True,True,991001,40.6,58.6,59.7,1000
0.9274690707386765,0.8677767383774965,0.8965950516813332,blind,0.8737519570805513,validation-0006,True,True,False,991002,7.6,71.7,,1000
0.9061681315720438,0.9061376707295272,0.9061681315720438,blind,0.8468619050211095,validation-0011,True,True,False,991002,18.0,20.6,,1000
0.9743061443718729,0.945399775859007,0.9742756835293561,blind,0.904824888169635,validation-0015,True,True,True,991002,17.6,18.0,39.7,1000
0.9896502334419892,0.7389907849866185,0.752726003017199,blind,0.7532823789054279,validation-0017,True,True,True,991002,94.1,103.0,103.5,1000
0.9851878274669512,0.8375139502857434,0.9851710689325729,blind,0.8944675717568439,validation-0019,True,True,True,991002,17.8,37.3,45.6,1000
0.9823794834697696,0.7451364324134659,0.9819621981705621,blind,0.9007076180156364,validation-0035,True,True,True,991002,32.9,35.1,37.1,1000
0.9910195145512869,0.9430841535044369,0.960100666475748,blind,0.8800221592955199,validation-0040,True,True,True,991002,21.0,22.0,33.2,1000
0.5448981323764749,0.5213976269263535,0.5399664209620536,blind,0.5314273889066775,validation-0042,False,False,False,991002,,,,1000
0.9772453534206339,0.9554142178927764,0.9702503439335167,blind,0.9383250110052993,validation-0045,True,True,True,991002,5.7,7.1,16.5,1000
0.9779110824342213,0.7826520504474525,0.9778559965472734,blind,0.8717356799905391,validation-0046,True,True,True,991002,32.8,40.2,49.0,1000
0.8897353135209584,0.7235240050987782,0.7530943049640051,blind,0.7040352801093657,validation-0051,True,False,False,991002,113.1,,,1000
0.7945090304994425,0.6994157745364405,0.7782468482062738,blind,0.7215256217496301,validation-0058,False,False,False,991002,,,,1000
0.9132961719254977,0.9020532210545605,0.9114189667203577,blind,0.869898402169035,validation-0060,True,True,False,991002,10.0,20.8,,1000
0.9928060834880741,0.7278185517348318,0.9919134388804106,blind,0.8732918202877935,validation-0063,True,True,True,991002,47.7,49.2,49.5,1000
0.8547819249347458,0.854751464092229,0.8547819249347458,blind,0.7966836268440521,validation-0067,True,False,False,991002,16.6,,,1000
0.9891053672824675,0.9752960827850079,0.9886951783952116,blind,0.9080805829177334,validation-0068,True,True,True,991002,19.2,20.0,22.0,1000
0.947025894332947,0.7401099201900961,0.741433312297184,blind,0.7338362598902265,validation-0069,True,True,False,991002,106.4,112.1,,1000
0.8245668130037052,0.8222895704230304,0.8231069280483777,blind,0.7826488734622336,validation-0092,True,False,False,991002,17.5,,,1000
0.9947330443115812,0.6476147083600114,0.691650080186204,blind,0.706176388286638,validation-0095,True,True,True,991002,102.3,104.2,104.9,1000
0.9323163687812367,0.9308447816111076,0.9323098816083658,blind,0.866632686801458,validation-0097,True,True,False,991002,16.3,17.3,,1000
0.9987474685008882,0.9375755320665754,0.9908895855485854,blind,0.8976848879881483,validation-0006,True,True,True,991003,25.2,25.4,35.5,1000
0.9942336335143077,0.8364160215674161,0.9866012413706285,blind,0.8725018762505586,validation-0011,True,True,True,991003,28.7,49.0,54.1,1000
0.9934267624153402,0.8886310426289119,0.9564572438972173,blind,0.869853757695795,validation-0015,True,True,True,991003,27.5,31.0,48.9,1000
0.9972411266047578,0.8706260185868712,0.9936101547323491,blind,0.9116894644734957,validation-0017,True,True,True,991003,18.0,31.9,33.4,1000
0.9938328961807487,0.8149923389851983,0.9598466247696414,blind,0.8538208179990799,validation-0019,True,True,True,991003,29.0,45.0,51.7,1000
0.9961519119700599,0.8200240969573637,0.9894867265797378,blind,0.8915184148719362,validation-0035,True,True,True,991003,26.6,32.7,44.7,1000
0.9939764216786249,0.9238812206000425,0.9780689947108158,blind,0.8940354930633513,validation-0040,True,True,True,991003,18.7,27.9,38.3,1000
0.9992270520259924,0.9229316021086835,0.9823439084069516,blind,0.88812421420643,validation-0042,True,True,True,991003,27.9,29.3,31.9,1000
0.9976805297776694,0.9449649951374912,0.9873539260570061,blind,0.9222422978103375,validation-0045,True,True,True,991003,14.6,19.1,39.5,1000
0.9960966319394082,0.912806958554816,0.9829317724407668,blind,0.8944417964669797,validation-0046,True,True,True,991003,24.3,28.3,32.1,1000
0.9990505022568335,0.8434475686469992,0.9824385786679475,blind,0.8841215214299225,validation-0051,True,True,True,991003,24.6,38.6,51.3,1000
0.9992844327716167,0.9165282206786352,0.9842995120339837,blind,0.8989339120391885,validation-0058,True,True,True,991003,20.0,24.9,51.8,1000
0.9953800917017988,0.9220648537258469,0.9881818566888064,blind,0.9032467891560815,validation-0060,True,True,True,991003,18.3,20.9,32.5,1000
0.9950786957581952,0.9196424132069501,0.9729294962172165,blind,0.9020081969563913,validation-0063,True,True,True,991003,17.9,26.1,39.4,1000
0.9979032313519777,0.6218771945340726,0.8944063783295274,blind,0.79926012645188,validation-0067,True,True,True,991003,45.1,70.1,74.0,1000
0.5362478703339311,0.39962258644469784,0.5309433841740453,blind,0.46400566274698346,validation-0068,False,False,False,991003,,,,1000
0.9959679216902715,0.9386117342157705,0.9779837888099651,blind,0.9184513393106812,validation-0069,True,True,True,991003,15.9,24.8,34.1,1000
0.9968686746325237,0.7693665938345676,0.9664928575655596,blind,0.8547248737050714,validation-0092,True,True,True,991003,31.6,32.2,42.1,1000
0.994191969268094,0.9767397936031283,0.9831227522257914,blind,0.91381026861642,validation-0095,True,True,True,991003,15.0,24.9,25.0,1000
0.9901514407465064,0.9728852851284256,0.9751362786086322,blind,0.8866385959868992,validation-0097,True,True,True,991003,22.0,25.4,25.8,1000
0.9993316996033867,0.9443568367862616,0.984832782712038,normal,0.9288953551007643,validation-0006,True,True,True,991001,15.6,18.1,31.2,1000
0.854505754302822,0.854505754302822,0.854505754302822,normal,0.7938866373771575,validation-0011,True,False,False,991001,14.6,,,1000
0.9970065976125948,0.8478562044574012,0.9970065976125948,normal,0.9136532710523543,validation-0015,True,True,True,991001,29.4,31.3,31.5,1000
0.9992975673709085,0.9591676234008847,0.9810354604327691,normal,0.9498069215456627,validation-0017,True,True,True,991001,8.1,9.3,13.8,1000
0.4303752041324117,0.4303752041324117,0.4303752041324117,normal,0.4127463099586406,validation-0019,False,False,False,991001,,,,1000
0.9922014502038796,0.8788577334293243,0.9922014502038796,normal,0.904053198323797,validation-0035,True,True,True,991001,18.0,32.8,35.5,1000
0.9967461792304063,0.9961741756453064,0.9967461792304063,normal,0.9175141538347283,validation-0040,True,True,True,991001,19.0,20.5,20.6,1000
0.9981289815617432,0.9649810638206535,0.9981289815617432,normal,0.9483107276778971,validation-0042,True,True,True,991001,8.7,16.1,19.6,1000
0.9938007265988272,0.9147015199231078,0.9922171709841006,normal,0.9206061357378322,validation-0045,True,True,True,991001,14.8,17.2,46.0,1000
0.9466637977296064,0.8098188399161572,0.9466637977296064,normal,0.8270934160318795,validation-0046,True,True,False,991001,29.9,39.1,,1000
0.9959718273829405,0.7671828362011984,0.9958945195999049,normal,0.8686055205328574,validation-0051,True,True,True,991001,33.7,35.3,46.4,1000
0.9941973265889782,0.9311951557339188,0.9932876793198647,normal,0.9189015957381301,validation-0058,True,True,True,991001,21.9,24.9,36.7,1000
0.9991365770877785,0.8426187640451274,0.9962753299242172,normal,0.8971938618747879,validation-0060,True,True,True,991001,20.9,38.4,38.6,1000
0.9989216982459195,0.9785282964232188,0.9989216982459195,normal,0.9497237710481232,validation-0063,True,True,True,991001,9.5,12.8,14.2,1000
0.4165571009866874,0.4165571009866874,0.4165571009866874,normal,0.3997849089692043,validation-0067,False,False,False,991001,,,,1000
0.9993143733575547,0.7356548376660408,0.9537208665240422,normal,0.7469261833411217,validation-0068,True,True,True,991001,32.9,58.5,59.4,1000
0.9988259425710272,0.9315490235030258,0.993302087887423,normal,0.9127327236641672,validation-0069,True,True,True,991001,14.8,19.7,51.7,1000
0.9870000194911566,0.9764696842054155,0.983926862959646,normal,0.9121257694547628,validation-0092,True,True,True,991001,11.7,16.7,24.4,1000
0.9986497701274106,0.9440348008175382,0.9950862457342002,normal,0.9305990794709343,validation-0095,True,True,True,991001,12.8,14.8,31.0,1000
0.6079560304838365,0.60764295342245,0.6079148458401874,normal,0.5682716467163895,validation-0097,False,False,False,991001,,,,1000
0.8954199225683022,0.8954199225683022,0.8954199225683022,normal,0.8460529954502921,validation-0006,True,False,False,991002,14.4,,,1000
0.927940831892556,0.927940831892556,0.927940831892556,normal,0.8855837898620195,validation-0011,True,True,False,991002,12.4,12.7,,1000
0.9981023340665458,0.9598835392473829,0.9981023340665458,normal,0.9206531950788689,validation-0015,True,True,True,991002,16.4,19.5,19.9,1000
0.9985184391674732,0.9694462913824454,0.9960236767973873,normal,0.9439445612581611,validation-0017,True,True,True,991002,6.8,16.0,23.4,1000
0.5435314582554135,0.5435314582554135,0.5435314582554135,normal,0.5184608073704019,validation-0019,False,False,False,991002,,,,1000
0.5941228718234677,0.5941228718234677,0.5941228718234677,normal,0.5621659368753195,validation-0035,False,False,False,991002,,,,1000
0.9980015604713526,0.649297930233413,0.9980015604713526,normal,0.8346380634970504,validation-0040,True,True,True,991002,34.4,39.2,41.6,1000
0.9990019781776818,0.9976831094156492,0.9979270023404423,normal,0.9501352270927276,validation-0042,True,True,True,991002,11.8,13.0,21.2,1000
0.9970749264263634,0.992016004229057,0.9970749264263634,normal,0.9260382341321447,validation-0045,True,True,True,991002,13.8,14.4,14.5,1000
0.9780135748364025,0.9780135748364025,0.9780135748364025,normal,0.9360647358842389,validation-0046,True,True,True,991002,13.3,17.4,18.3,1000
0.9749487817215041,0.9749487817215041,0.9749487817215041,normal,0.9261158421077084,validation-0051,True,True,True,991002,9.3,22.5,24.2,1000
0.9943277239968206,0.9941508600060652,0.9943277239968206,normal,0.9389056408314098,validation-0058,True,True,True,991002,11.8,13.8,17.8,1000
0.998687514113439,0.8730997374148518,0.9857792314257259,normal,0.9235423765571479,validation-0060,True,True,True,991002,7.3,45.8,46.3,1000
0.7986314238331459,0.7976102244487899,0.7986314238331459,normal,0.7669950700444161,validation-0063,False,False,False,991002,,,,1000
0.3337411265358949,0.3337411265358949,0.3337411265358949,normal,0.3219126824071177,validation-0067,False,False,False,991002,,,,1000
0.9994802187526854,0.9775867800130402,0.9926910701326899,normal,0.9308962979348474,validation-0068,True,True,True,991002,12.6,17.1,18.7,1000
0.9716482800164153,0.9716482800164153,0.9716482800164153,normal,0.9301611993142058,validation-0069,True,True,True,991002,10.7,14.7,25.4,1000
0.3984294095489026,0.3984294095489026,0.3984294095489026,normal,0.3939329949620743,validation-0092,False,False,False,991002,,,,1000
0.9968893630927838,0.9947602232367405,0.9968893630927838,normal,0.9441751498220972,validation-0095,True,True,True,991002,10.0,23.8,23.9,1000
0.9937002913467373,0.9803514858955651,0.9937002913467373,normal,0.9026098299701705,validation-0097,True,True,True,991002,19.4,19.8,20.0,1000
0.9994863039097254,0.9712763698823996,0.9712763698823996,normal,0.9235237174017283,validation-0006,True,True,True,991003,15.0,18.9,19.8,1000
0.9992620336400557,0.9866357507350113,0.9970402475056269,normal,0.9416719609969388,validation-0011,True,True,True,991003,12.7,14.0,21.7,1000
0.9974198491655393,0.9571027049822336,0.9927642432866236,normal,0.9517700438133448,validation-0015,True,True,True,991003,6.0,19.0,26.1,1000
0.18143712075301807,0.16481391243856744,0.16547035025432763,normal,0.16897140418767792,validation-0017,False,False,False,991003,,,,1000
0.9976611731545182,0.9570734809689717,0.9953541271247226,normal,0.9213396023592592,validation-0019,True,True,True,991003,12.6,16.6,27.5,1000
0.9990518646521596,0.9080164637536885,0.9080164637536885,normal,0.9177912454959771,validation-0035,True,True,True,991003,6.8,12.6,67.8,1000
0.9985494080314394,0.9917665363784103,0.9972269664561719,normal,0.9515459716942656,validation-0040,True,True,True,991003,7.8,15.5,15.7,1000
0.9962258583124529,0.9542803319809549,0.9962258583124529,normal,0.9353629696026184,validation-0042,True,True,True,991003,11.5,18.2,25.6,1000
0.9906983671784941,0.9368105049108415,0.9906983671784941,normal,0.9398772753344048,validation-0045,True,True,True,991003,5.8,27.2,37.0,1000
0.8853520902068092,0.8853520902068092,0.8853520902068092,normal,0.8504658474530181,validation-0046,True,False,False,991003,15.6,,,1000
0.9992119565281544,0.94901907820275,0.9961393546820355,normal,0.9428953744722719,validation-0051,True,True,True,991003,4.3,18.1,30.6,1000
0.9952150574394723,0.9946305505837093,0.9952150574394723,normal,0.9416533532268206,validation-0058,True,True,True,991003,10.7,19.8,20.3,1000
0.9565813711726688,0.956533715047564,0.9565813711726688,normal,0.9147216797342925,validation-0060,True,True,True,991003,11.8,12.1,15.7,1000
0.4592285181267794,0.4592285181267794,0.4592285181267794,normal,0.4567922781085264,validation-0063,False,False,False,991003,,,,1000
0.9969987377470948,0.7806911772276529,0.9809231243434817,normal,0.8930732238376239,validation-0067,True,True,True,991003,33.2,34.4,37.5,1000
0.9669130479125176,0.9669130479125176,0.9669130479125176,normal,0.9118698118704998,validation-0068,True,True,True,991003,10.1,11.2,14.8,1000
0.9928895884442636,0.9928895884442636,0.9928895884442636,normal,0.9536111114133472,validation-0069,True,True,True,991003,9.7,18.0,22.4,1000
0.11587597392129362,0.11489616337471487,0.11581350883447812,normal,0.11493314773468331,validation-0092,False,False,False,991003,,,,1000
0.9992416877381471,0.989945799204924,0.9972517893844195,normal,0.9384622597074591,validation-0095,True,True,True,991003,10.4,16.3,17.6,1000
0.9985564847575606,0.9952151942584324,0.9978669564673154,normal,0.9190650704774828,validation-0097,True,True,True,991003,14.9,20.4,23.9,1000
0.9949107193616017,0.8280284327936562,0.9704895799246177,blind,0.9069606876768854,validation-0006,True,True,True,991001,13.8,31.9,40.4,750
0.9902918001050851,0.667140122565612,0.94306860982244,blind,0.7746963332902476,validation-0011,True,True,True,991001,57.3,57.8,71.2,750
0.8388290306271853,0.6713433864152194,0.8388290306271853,blind,0.7251805210825435,validation-0015,True,False,False,991001,57.8,,,750
0.9599411803781214,0.8722788506126147,0.8916560816216661,blind,0.816393550009987,validation-0017,True,True,True,991001,27.0,71.6,115.1,750
0.9125454463952382,0.8765643779334155,0.8851295420467675,blind,0.8130400866298998,validation-0019,True,True,False,991001,18.4,110.2,,750
0.9474528866338923,0.8517086048214846,0.8746881624340045,blind,0.8318629789715318,validation-0035,True,True,False,991001,22.1,96.9,,750
0.9518613634226231,0.8460206641891362,0.876060255027577,blind,0.8268868191858971,validation-0040,True,True,True,991001,22.6,66.5,110.8,750
0.9713071098324809,0.8503814264414494,0.9499947398533777,blind,0.8700882671017691,validation-0042,True,True,True,991001,26.4,44.2,61.8,750
0.9883752222773283,0.8621692032604145,0.908779548731378,blind,0.8434503032568533,validation-0045,True,True,True,991001,22.8,31.9,102.0,750
0.8046989568247381,0.734133857289311,0.7445116323235059,blind,0.7158019098570283,validation-0046,True,False,False,991001,114.3,,,750
0.9507733102900958,0.7455496661163385,0.8271290636883518,blind,0.7824888064490624,validation-0051,True,True,True,991001,57.3,101.8,119.8,750
0.952445851971394,0.578481779546104,0.9110835105412411,blind,0.7835375440107185,validation-0058,True,True,True,991001,44.3,48.3,114.7,750
0.964534160480567,0.731651607178777,0.7814823510104162,blind,0.775729441685787,validation-0060,True,True,True,991001,62.3,79.8,93.5,750
0.8546602332427955,0.8521313138863879,0.8546602332427955,blind,0.8042645031401664,validation-0063,True,False,False,991001,18.2,,,750
0.9624407265775191,0.673177028378425,0.852157238776426,blind,0.7684133600789806,validation-0067,True,True,True,991001,40.2,84.2,84.6,750
0.8502091519509326,0.6807215333813607,0.7506049654921071,blind,0.6940319821884121,validation-0068,True,False,False,991001,67.0,,,750
0.9723686745363714,0.7797090362913542,0.933661547754472,blind,0.8486966733123961,validation-0069,True,True,True,991001,31.4,40.3,62.6,750
0.9492791810710133,0.7385392927135422,0.9301057650220943,blind,0.8165856090348672,validation-0092,True,True,False,991001,35.8,40.2,,750
0.9638356607462863,0.9024338117517275,0.9237420540569591,blind,0.8810678579081099,validation-0095,True,True,True,991001,14.1,23.1,62.3,750
0.9292560306243914,0.6453414563019203,0.7907601965834223,blind,0.7280211617355284,validation-0097,True,True,False,991001,62.4,102.2,,750
0.17374983106665642,0.16936408159861174,0.17374983106665642,blind,0.1653447991798315,validation-0006,False,False,False,991002,,,,750
0.17173130995120275,0.14967575406277633,0.16963772451694392,blind,0.16032392046570798,validation-0011,False,False,False,991002,,,,750
0.17982529201718273,0.17388499295696633,0.17388499295696633,blind,0.16842006846820554,validation-0015,False,False,False,991002,,,,750
0.46404408942403724,0.4616080537506428,0.4636353754937568,blind,0.4581732171492853,validation-0017,False,False,False,991002,,,,750
0.3998964103383034,0.39808337224150364,0.3987172627980934,blind,0.39195029486148153,validation-0019,False,False,False,991002,,,,750
0.3787821516444135,0.37742710329545087,0.3780634391903942,blind,0.37570202060502234,validation-0035,False,False,False,991002,,,,750
0.3526039160035592,0.3314053808841226,0.35076921559528457,blind,0.34205755353432454,validation-0040,False,False,False,991002,,,,750
0.25098934672637585,0.2417477999637378,0.24375403234886228,blind,0.23975718440481453,validation-0042,False,False,False,991002,,,,750
0.15931596528088968,0.14909016031126615,0.15129833945336774,blind,0.14923975836887599,validation-0045,False,False,False,991002,,,,750
0.6648573068523517,0.6387596429975498,0.638820903691063,blind,0.6096435104574305,validation-0046,False,False,False,991002,,,,750
0.4304885107045692,0.43025388743837634,0.4303114074199336,blind,0.42393677336427554,validation-0051,False,False,False,991002,,,,750
0.4217294361912248,0.4185293381401485,0.4200375110526689,blind,0.41371927119842977,validation-0058,False,False,False,991002,,,,750
0.4308408339552869,0.42029914735266155,0.42092975523681025,blind,0.41438421911397927,validation-0060,False,False,False,991002,,,,750
0.4601337794336316,0.4512557138076826,0.4513145710269432,blind,0.4368707878643174,validation-0063,False,False,False,991002,,,,750
0.4453599087796722,0.44397453329045583,0.44401356035519324,blind,0.42827245580197926,validation-0067,False,False,False,991002,,,,750
0.5467985581262302,0.5467190343613596,0.5467985581262302,blind,0.5301897101264522,validation-0068,False,False,False,991002,,,,750
0.5152691694159288,0.3936235870452782,0.39476230340255897,blind,0.43450482108624955,validation-0069,False,False,False,991002,,,,750
0.6752932695195906,0.6425621295010501,0.6439089329752503,blind,0.6307947044357002,validation-0092,False,False,False,991002,,,,750
0.28417394841861954,0.28196352743255293,0.2824983404169029,blind,0.28089114005671273,validation-0095,False,False,False,991002,,,,750
0.5286297794117992,0.5226470621728831,0.5238216929171329,blind,0.5066327541805754,validation-0097,False,False,False,991002,,,,750
0.8220767676756559,0.7124748213318576,0.7655805938530607,blind,0.7208640755668451,validation-0006,True,False,False,991003,98.1,,,750
0.7475034640135961,0.7145913281743508,0.7432763384396358,blind,0.6986541109041089,validation-0011,False,False,False,991003,,,,750
0.8405033918527217,0.8235903604919046,0.8264302791292681,blind,0.802028905410676,validation-0015,True,False,False,991003,18.2,,,750
0.8379312358302957,0.7939329457909367,0.8379312358302957,blind,0.7869367419794752,validation-0017,True,False,False,991003,42.0,,,750
0.6317708887626231,0.6262174173982726,0.6310656288048929,blind,0.6107906498776408,validation-0019,False,False,False,991003,,,,750
0.5894012591114569,0.5882756627746619,0.5891907270275857,blind,0.5795940168183324,validation-0035,False,False,False,991003,,,,750
0.5374149590192503,0.5323979487261331,0.536794328559082,blind,0.5251221858372408,validation-0040,False,False,False,991003,,,,750
0.8685664912638674,0.8683175064590631,0.8685664912638674,blind,0.8371005553612366,validation-0042,True,False,False,991003,13.7,,,750
0.8708840648879049,0.683154816879767,0.7034345243933265,blind,0.6656517400021222,validation-0045,True,False,False,991003,117.1,,,750
0.6989169861254095,0.6334774720351181,0.6884153799846644,blind,0.6487540893168912,validation-0046,False,False,False,991003,,,,750
0.8087138950533461,0.6276106476773132,0.8085243409400328,blind,0.7335888491625331,validation-0051,True,False,False,991003,39.8,,,750
0.7092165888777054,0.701492457908097,0.701492457908097,blind,0.682555823703341,validation-0058,False,False,False,991003,,,,750
0.845266896965511,0.8413335822988893,0.8414488941423967,blind,0.8105190316698777,validation-0060,True,False,False,991003,11.1,,,750
0.8087308178277559,0.8085185872854076,0.8085185872854076,blind,0.7636704580153622,validation-0063,True,False,False,991003,23.7,,,750
0.7472975121860328,0.7240466097903481,0.7472250874196585,blind,0.7103205623572608,validation-0067,False,False,False,991003,,,,750
0.9270628547067403,0.7571932804311912,0.9230167155298065,blind,0.8179089290141952,validation-0068,True,True,False,991003,50.7,53.1,,750
0.6602827335649168,0.6260239543297451,0.6264862803108887,blind,0.6254387637018294,validation-0069,False,False,False,991003,,,,750
0.9799651765474819,0.9644359095251196,0.9794921415336986,blind,0.8974474456598157,validation-0092,True,True,True,991003,19.4,20.3,28.7,750
0.8128121920868463,0.8039513393695052,0.8128121920868463,blind,0.780975498090375,validation-0095,True,False,False,991003,19.3,,,750
0.7600164327626523,0.7207437847999015,0.7257742257592629,blind,0.6937517982084003,validation-0097,False,False,False,991003,,,,750
0.9728734795404543,0.8491124332878351,0.9628201652236648,donor,0.8938978220208021,validation-0006,True,True,True,991001,12.5,36.3,52.2,750
0.9595528146592738,0.9595528146592738,0.9595528146592738,donor,0.8455980363421227,validation-0011,True,True,True,991001,21.4,23.9,25.8,750
0.8856421268834147,0.7145458618272931,0.7256151666854942,donor,0.7104739269015955,validation-0015,True,False,False,991001,101.0,,,750
0.9188244498991934,0.8772127104039317,0.9187268173808814,donor,0.8522438309168227,validation-0017,True,True,False,991001,17.4,45.5,,750
0.9955153417761942,0.5791726947069445,0.9802924859291298,donor,0.8140044809465965,validation-0019,True,True,True,991001,42.9,45.3,47.5,750
0.6842072261172316,0.6701298630199956,0.6839396800869468,donor,0.6572190502548497,validation-0035,False,False,False,991001,,,,750
0.9789000005700267,0.8298031120466964,0.880515654167008,donor,0.865305474702452,validation-0040,True,True,True,991001,19.6,61.6,61.9,750
0.9347968449827168,0.9347968449827168,0.9347968449827168,donor,0.9072692990760021,validation-0042,True,True,False,991001,9.3,9.7,,750
0.4077102380129607,0.4072064391472125,0.4077102380129607,donor,0.4029950026872848,validation-0045,False,False,False,991001,,,,750
0.99598066226229,0.8896521104938488,0.9946327197851291,donor,0.8962445350490296,validation-0046,True,True,True,991001,17.9,38.4,50.5,750
0.9990509195489952,0.5134712743407406,0.8213932844808498,donor,0.7616074737282126,validation-0051,True,True,True,991001,49.6,66.6,71.8,750
0.9976484415833989,0.844597847819147,0.8475645395857163,donor,0.8379728494407755,validation-0058,True,True,True,991001,15.6,76.8,81.3,750
0.996183390912851,0.8398693817006787,0.8398693817006787,donor,0.8304465063447246,validation-0060,True,True,True,991001,17.2,91.0,91.8,750
0.9989196829664343,0.9126464150339291,0.9979725048085818,donor,0.8938062718911206,validation-0063,True,True,True,991001,24.8,29.9,30.5,750
0.16295615496761867,0.1616891270092145,0.16230560912632994,donor,0.15837107031890543,validation-0067,False,False,False,991001,,,,750
0.9067414707702676,0.9011316607299928,0.9067414707702676,donor,0.8124885371341082,validation-0068,True,True,False,991001,18.1,22.4,,750
0.9971754300840059,0.8193480520590326,0.9055930011552984,donor,0.8590377388971997,validation-0069,True,True,True,991001,17.8,49.0,110.7,750
0.9243451607116497,0.8356261076257246,0.9239978712595398,donor,0.8296868927309144,validation-0092,True,True,False,991001,20.0,45.9,,750
0.9958139056935963,0.7225889507702669,0.9230287520419042,donor,0.8270253228269522,validation-0095,True,True,True,991001,49.4,56.6,70.5,750
0.2790636820214284,0.27886640991416606,0.27886640991416606,donor,0.2720978506026666,validation-0097,False,False,False,991001,,,,750
0.9971789484514405,0.8915954333694832,0.9971789484514405,donor,0.8962676307801541,validation-0006,True,True,True,991002,14.2,34.1,55.5,750
0.9596110827974272,0.6300019687557048,0.8137877423122328,donor,0.7688620752410006,validation-0011,True,True,True,991002,33.6,85.8,98.7,750
0.5360170745112885,0.5058845379715873,0.5360170745112885,donor,0.5022894686525742,validation-0015,False,False,False,991002,,,,750
0.3907758589029441,0.3906572286400318,0.3907758589029441,donor,0.38792956073565565,validation-0017,False,False,False,991002,,,,750
0.9987606458163137,0.8798195452902957,0.8801380289337027,donor,0.8596164916712663,validation-0019,True,True,True,991002,25.7,61.5,75.0,750
0.5043902943383757,0.15215729695039742,0.15300417026157107,donor,0.1924716889522665,validation-0035,False,False,False,991002,,,,750
0.6572426654657414,0.6572426654657414,0.6572426654657414,donor,0.6420370947981601,validation-0040,False,False,False,991002,,,,750
0.9313201074704429,0.5079674204668649,0.8220969715859894,donor,0.7248225742415528,validation-0042,True,True,False,991002,55.2,62.9,,750
0.8279116744596815,0.6425818306822859,0.6963693130966667,donor,0.6879973135916783,validation-0045,True,False,False,991002,78.1,,,750
0.9692834650173424,0.6810122725451084,0.9251931750493708,donor,0.8159938630198682,validation-0046,True,True,True,991002,37.6,41.5,81.3,750
0.29208550602342775,0.29208550602342775,0.29208550602342775,donor,0.2881704764165059,validation-0051,False,False,False,991002,,,,750
0.1225886290602161,0.12239144667296613,0.12241466782000723,donor,0.12238229109968181,validation-0058,False,False,False,991002,,,,750
0.9523244948126882,0.9148503379175,0.9523244948126882,donor,0.8656462473814588,validation-0060,True,True,True,991002,21.1,23.3,33.5,750
0.9992000764473608,0.41605757991275544,0.8189532042785509,donor,0.7447186104100199,validation-0063,True,True,True,991002,55.6,63.2,86.2,750
0.9959896615466841,0.7817739993665414,0.9950960837146869,donor,0.839006492061153,validation-0067,True,True,True,991002,31.0,42.3,45.2,750
0.6141316646576066,0.5591412287503829,0.6141316646576066,donor,0.561391050132307,validation-0068,False,False,False,991002,,,,750
0.35083577873795235,0.35069454130468636,0.35069454130468636,donor,0.34894651411803207,validation-0069,False,False,False,991002,,,,750
0.9874373888667402,0.7565004640842433,0.974065466300938,donor,0.8469564922462648,validation-0092,True,True,True,991002,31.0,32.8,42.4,750
0.7655001568170546,0.7605550878452334,0.7609066015852172,donor,0.6873351181118342,validation-0095,False,False,False,991002,,,,750
0.9320856825390412,0.8729708390166356,0.9320654475737609,donor,0.8004207477830588,validation-0097,True,True,False,991002,27.6,34.8,,750
0.9971551033766777,0.8444131421263009,0.926395912225145,donor,0.8566518091884683,validation-0006,True,True,True,991003,28.8,49.6,65.2,750
0.4108551767112176,0.26775908996686965,0.4108551767112176,donor,0.3435476911268019,validation-0011,False,False,False,991003,,,,750
0.9957468794505409,0.9739813486089919,0.9757168037738093,donor,0.9147804929798443,validation-0015,True,True,True,991003,17.8,18.8,20.1,750
0.31598163995093603,0.31548693492328783,0.315949268230134,donor,0.31337697720127305,validation-0017,False,False,False,991003,,,,750
0.6462092490248557,0.6462092490248557,0.6462092490248557,donor,0.6223640037785967,validation-0019,False,False,False,991003,,,,750
0.9975092038388136,0.8787130021478893,0.9970024478363879,donor,0.9116919497570116,validation-0035,True,True,True,991003,22.5,35.8,37.7,750
0.9891560551805927,0.6227805175314637,0.6819328488068268,donor,0.7160117975640674,validation-0040,True,True,True,991003,81.7,82.2,98.6,750
0.9982028503633457,0.9443988871079438,0.9976303869407277,donor,0.9047338003567208,validation-0042,True,True,True,991003,20.7,23.3,35.6,750
0.3395726112955366,0.3384529114304623,0.3395726112955366,donor,0.3365299901103859,validation-0045,False,False,False,991003,,,,750
0.9799784646224434,0.7830362837674238,0.8297386500525668,donor,0.7891616267156223,validation-0046,True,True,True,991003,46.7,77.3,91.5,750
0.9607097739791581,0.756218405431576,0.9607097739791581,donor,0.8636173201487068,validation-0051,True,True,True,991003,33.8,39.0,39.3,750
0.9995481068892805,0.4806123947449755,0.7381517487147828,donor,0.7226447488723754,validation-0058,True,True,True,991003,71.4,79.4,80.9,750
0.9992332410089084,0.9007899953144607,0.9610832362340662,donor,0.894858291761872,validation-0060,True,True,True,991003,14.5,27.8,51.9,750
0.9938661471765653,0.9083620221664335,0.9658913635214381,donor,0.902932917633071,validation-0063,True,True,True,991003,10.5,13.8,59.5,750
0.9951111668521974,0.8449324597482287,0.9205687783964168,donor,0.8477218755510698,validation-0067,True,True,True,991003,22.5,41.3,71.0,750
0.977314145374409,0.9443390496211573,0.9447581836753768,donor,0.8678850015465808,validation-0068,True,True,True,991003,20.5,23.9,63.5,750
0.9893046463872088,0.7996002032367648,0.8484092710289355,donor,0.8339258572516618,validation-0069,True,True,True,991003,41.5,62.0,100.8,750
0.9972199397217795,0.9372335434638303,0.9972199397217795,donor,0.9131746490174534,validation-0092,True,True,True,991003,19.8,25.8,35.1,750
0.9975636182460191,0.6180642240580967,0.9913225577429251,donor,0.8385069554033855,validation-0095,True,True,True,991003,40.0,46.8,48.9,750
0.9729696212530214,0.5481095266336049,0.9606673126771814,donor,0.7626616754408349,validation-0097,True,True,True,991003,38.9,51.3,52.7,750
0.42413438577434653,0.42413438577434653,0.42413438577434653,first_frame,0.4190656230300612,validation-0006,False,False,False,991001,,,,750
0.656661263729128,0.3920008033001385,0.653102746729218,first_frame,0.546687590087425,validation-0011,False,False,False,991001,,,,750
0.4292677861400165,0.4292677861400165,0.4292677861400165,first_frame,0.42471403668050456,validation-0015,False,False,False,991001,,,,750
0.30338154927114797,0.30338154927114797,0.30338154927114797,first_frame,0.3025697246914788,validation-0017,False,False,False,991001,,,,750
0.2507746506692114,0.2507746506692114,0.2507746506692114,first_frame,0.24897243909415828,validation-0019,False,False,False,991001,,,,750
0.29116088744994884,0.29116088744994884,0.29116088744994884,first_frame,0.29069081672206243,validation-0035,False,False,False,991001,,,,750
0.3392557864372434,0.3392557864372434,0.3392557864372434,first_frame,0.33652639429453474,validation-0040,False,False,False,991001,,,,750
0.3261094311844663,0.3261094311844663,0.3261094311844663,first_frame,0.3255857561238621,validation-0042,False,False,False,991001,,,,750
0.39247204796827595,0.3903790151583122,0.39100619694760624,first_frame,0.38732612706845754,validation-0045,False,False,False,991001,,,,750
0.060119889618328995,0.06008822726042349,0.06008822726042349,first_frame,0.05993167118432985,validation-0046,False,False,False,991001,,,,750
0.24185804832855037,0.24173877005330174,0.24185804832855037,first_frame,0.23932572492129214,validation-0051,False,False,False,991001,,,,750
0.2590363154328899,0.2590363154328899,0.2590363154328899,first_frame,0.258183262625442,validation-0058,False,False,False,991001,,,,750
0.2581537841185672,0.2581537841185672,0.2581537841185672,first_frame,0.25588101574142313,validation-0060,False,False,False,991001,,,,750
0.5173069671600321,0.5141337683162832,0.5141337683162832,first_frame,0.501913451117879,validation-0063,False,False,False,991001,,,,750
0.2057627891251882,0.2057627891251882,0.2057627891251882,first_frame,0.2048678130182769,validation-0067,False,False,False,991001,,,,750
0.15513774547276554,0.15513774547276554,0.15513774547276554,first_frame,0.1524059446746585,validation-0068,False,False,False,991001,,,,750
0.4233038780969803,0.34345495204621146,0.4233038780969803,first_frame,0.3896894072089939,validation-0069,False,False,False,991001,,,,750
0.19215634394996944,0.19215634394996944,0.19215634394996944,first_frame,0.18933804646596616,validation-0092,False,False,False,991001,,,,750
0.48084065084497896,0.48084065084497896,0.48084065084497896,first_frame,0.47660241258386654,validation-0095,False,False,False,991001,,,,750
0.9746705302194725,0.20793597376528447,0.20888835955171384,first_frame,0.33444374076839417,validation-0097,True,True,True,991001,111.6,112.9,116.6,750
0.14581613862472687,0.14519515127202468,0.14571200400186876,first_frame,0.14504086374859557,validation-0006,False,False,False,991002,,,,750
0.114680699019714,0.11448906757586559,0.114680699019714,first_frame,0.11410646317856789,validation-0011,False,False,False,991002,,,,750
0.19621663434654302,0.1961385210932479,0.19621663434654302,first_frame,0.19595531778778985,validation-0015,False,False,False,991002,,,,750
0.3684466146674195,0.3684466146674195,0.3684466146674195,first_frame,0.36691551886491797,validation-0017,False,False,False,991002,,,,750
0.10239275966027267,0.10239275966027267,0.10239275966027267,first_frame,0.10231438149103492,validation-0019,False,False,False,991002,,,,750
0.3419237007518588,0.34185053816586347,0.3419237007518588,first_frame,0.34069652632415587,validation-0035,False,False,False,991002,,,,750
0.09455870824498155,0.09267330357015562,0.09301774530525017,first_frame,0.09301010505595537,validation-0040,False,False,False,991002,,,,750
0.37313968694089217,0.37313968694089217,0.37313968694089217,first_frame,0.3719158513035012,validation-0042,False,False,False,991002,,,,750
0.24187801936815165,0.2418253185358562,0.2418253185358562,first_frame,0.23878942316726287,validation-0045,False,False,False,991002,,,,750
0.23202535209902547,0.23199744948159076,0.23202535209902547,first_frame,0.23128764988958078,validation-0046,False,False,False,991002,,,,750
0.04950035031632105,0.04950035031632105,0.04950035031632105,first_frame,0.04946333846462444,validation-0051,False,False,False,991002,,,,750
0.2804291796310951,0.2804291796310951,0.2804291796310951,first_frame,0.2793250292467862,validation-0058,False,False,False,991002,,,,750
0.05555606362183997,0.055493079406698606,0.055493079406698606,first_frame,0.05534153425458403,validation-0060,False,False,False,991002,,,,750
0.21495251704181445,0.21495251704181445,0.21495251704181445,first_frame,0.21437126309200108,validation-0063,False,False,False,991002,,,,750
0.01892565652851642,0.018789030882061297,0.01879193893467368,first_frame,0.0187062952046975,validation-0067,False,False,False,991002,,,,750
0.08173725112529139,0.08173725112529139,0.08173725112529139,first_frame,0.08074033755503657,validation-0068,False,False,False,991002,,,,750
0.3448236496523336,0.3448236496523336,0.3448236496523336,first_frame,0.3439222903399288,validation-0069,False,False,False,991002,,,,750
0.0996914103251375,0.0996914103251375,0.0996914103251375,first_frame,0.09875763777929034,validation-0092,False,False,False,991002,,,,750
0.4412792543888511,0.43938575245052286,0.4394494691045005,first_frame,0.42992061031964407,validation-0095,False,False,False,991002,,,,750
0.05268662668768798,0.05268662668768798,0.05268662668768798,first_frame,0.05267404041574967,validation-0097,False,False,False,991002,,,,750
0.22931239495512099,0.22926714434889484,0.22931239495512099,first_frame,0.22867340222596172,validation-0006,False,False,False,991003,,,,750
0.08213107365099809,0.08213107365099809,0.08213107365099809,first_frame,0.08198170353185902,validation-0011,False,False,False,991003,,,,750
0.2125366044006501,0.2125366044006501,0.2125366044006501,first_frame,0.21220870652613763,validation-0015,False,False,False,991003,,,,750
0.338017337734138,0.338017337734138,0.338017337734138,first_frame,0.3365447466951865,validation-0017,False,False,False,991003,,,,750
0.15523056391181203,0.15523056391181203,0.15523056391181203,first_frame,0.15429418428530847,validation-0019,False,False,False,991003,,,,750
0.33777304268345903,0.33777304268345903,0.33777304268345903,first_frame,0.33650644349807024,validation-0035,False,False,False,991003,,,,750
0.3095728730417968,0.3095728730417968,0.3095728730417968,first_frame,0.308070292544444,validation-0040,False,False,False,991003,,,,750
0.3587978411156459,0.35870334487187455,0.35875972831190284,first_frame,0.3573555907918435,validation-0042,False,False,False,991003,,,,750
0.44136823493289445,0.44136823493289445,0.44136823493289445,first_frame,0.43555341197984426,validation-0045,False,False,False,991003,,,,750
0.184317481730802,0.184317481730802,0.184317481730802,first_frame,0.17000539203764978,validation-0046,False,False,False,991003,,,,750
0.2570618216523857,0.2570618216523857,0.2570618216523857,first_frame,0.25457080401605386,validation-0051,False,False,False,991003,,,,750
0.5601339975003149,0.5601339975003149,0.5601339975003149,first_frame,0.5455334400261598,validation-0058,False,False,False,991003,,,,750
0.2549544391239432,0.2549544391239432,0.2549544391239432,first_frame,0.2544277620800757,validation-0060,False,False,False,991003,,,,750
0.2855834542384221,0.2855834542384221,0.2855834542384221,first_frame,0.2841803840287903,validation-0063,False,False,False,991003,,,,750
0.03326742390772466,0.03326742390772466,0.03326742390772466,first_frame,0.03186875687294312,validation-0067,False,False,False,991003,,,,750
0.11619183401600329,0.11619183401600329,0.11619183401600329,first_frame,0.11288648043759328,validation-0068,False,False,False,991003,,,,750
0.5935773997353476,0.5935773997353476,0.5935773997353476,first_frame,0.5679792445542396,validation-0069,False,False,False,991003,,,,750
0.1719829660788924,0.1719829660788924,0.1719829660788924,first_frame,0.17116528208069318,validation-0092,False,False,False,991003,,,,750
0.26799745291157284,0.26799745291157284,0.26799745291157284,first_frame,0.2652249406892454,validation-0095,False,False,False,991003,,,,750
0.12323294802828132,0.12323294802828132,0.12323294802828132,first_frame,0.12296488880194908,validation-0097,False,False,False,991003,,,,750
0.8943584473807057,0.8943125160248793,0.8943584473807057,normal,0.8706094803255269,validation-0006,True,False,False,991001,8.2,,,750
0.9974440843677556,0.46995115154326905,0.86237246038832,normal,0.7516952542831653,validation-0011,True,True,True,991001,52.2,63.4,63.5,750
0.9985737887862658,0.8055640527561664,0.9985737887862658,normal,0.9020538288957927,validation-0015,True,True,True,991001,20.1,40.6,40.8,750
0.9758786961193044,0.9758786961193044,0.9758786961193044,normal,0.9380702569653996,validation-0017,True,True,True,991001,9.6,11.2,14.2,750
0.959776305227174,0.9299434634840054,0.9594460921581158,normal,0.9014682821685726,validation-0019,True,True,True,991001,15.1,16.1,46.1,750
0.997929594653963,0.6585974630600946,0.9758036610081817,normal,0.8734381276080294,validation-0035,True,True,True,991001,34.7,36.6,37.5,750
0.7492915705139916,0.7492915705139916,0.7492915705139916,normal,0.7208061917987614,validation-0040,False,False,False,991001,,,,750
0.9684561989826833,0.9444899608710408,0.9671105077377943,normal,0.9173076085951111,validation-0042,True,True,True,991001,12.7,13.2,47.8,750
0.9981050939647835,0.9724313520392712,0.9951344114263965,normal,0.9274787305199308,validation-0045,True,True,True,991001,10.9,18.9,21.0,750
0.23035327187280794,0.22940832868649974,0.2299916769723288,normal,0.22678780850684746,validation-0046,False,False,False,991001,,,,750
0.998508975222116,0.8515448244174042,0.9974125225157736,normal,0.8834886500333486,validation-0051,True,True,True,991001,27.5,34.2,46.0,750
0.9992738641176205,0.9670185095441999,0.9973248648275808,normal,0.9310601972663363,validation-0058,True,True,True,991001,13.3,22.1,23.0,750
0.9989992268514203,0.9611238505411804,0.9696161525192983,normal,0.9186712118822093,validation-0060,True,True,True,991001,21.1,22.0,26.5,750
0.9994518931018113,0.5876110182402737,0.9746247489276212,normal,0.8353599921718942,validation-0063,True,True,True,991001,37.4,41.3,49.7,750
0.9981355142726661,0.9736718895801096,0.9951511292597702,normal,0.9070734877831992,validation-0067,True,True,True,991001,23.3,23.4,28.9,750
0.19015304041502615,0.19015304041502615,0.19015304041502615,normal,0.18597378074852186,validation-0068,False,False,False,991001,,,,750
0.9961645215643947,0.9835373634471888,0.9961645215643947,normal,0.928808466326881,validation-0069,True,True,True,991001,17.3,17.7,18.0,750
0.9957640297620118,0.7450373705259826,0.9565374042861986,normal,0.8543912538425885,validation-0092,True,True,True,991001,40.5,43.6,48.2,750
0.9994973001784757,0.9967417850131661,0.9983215136891231,normal,0.9439274434433748,validation-0095,True,True,True,991001,14.0,15.4,17.3,750
0.9981554398130501,0.7247330497095162,0.9964172631280652,normal,0.8241617824710903,validation-0097,True,True,True,991001,46.6,47.2,55.6,750
0.9915824640062778,0.9885291859879026,0.9915824640062778,normal,0.9272991360231622,validation-0006,True,True,True,991002,13.9,20.6,27.4,750
0.983118196722204,0.7845182872555222,0.9788667745275839,normal,0.8674311468538083,validation-0011,True,True,True,991002,40.4,52.7,58.5,750
0.9805660626155123,0.7301591152087071,0.8385366956130258,normal,0.8333296734674119,validation-0015,True,True,True,991002,59.7,60.7,97.6,750
0.9338616511370122,0.9314655316094,0.9338616511370122,normal,0.9009021526201351,validation-0017,True,True,False,991002,7.7,9.4,,750
0.27344141730610844,0.27337392118745596,0.27344141730610844,normal,0.2712066091100869,validation-0019,False,False,False,991002,,,,750
0.9793453273770976,0.9593365055151413,0.965576803262009,normal,0.9142377721950745,validation-0035,True,True,True,991002,9.7,26.9,27.1,750
0.4684626042574439,0.09278332110778312,0.0928024105412059,normal,0.15720834382295648,validation-0040,False,False,False,991002,,,,750
0.6690672541435204,0.6690672541435204,0.6690672541435204,normal,0.6577268528006475,validation-0042,False,False,False,991002,,,,750
0.9728887899780303,0.493497528213498,0.7737196145240328,normal,0.6747656855236154,validation-0045,True,True,True,991002,62.7,82.2,97.0,750
0.9919353465520977,0.855973607999853,0.9372094407512512,normal,0.905972511211166,validation-0046,True,True,True,991002,7.7,48.1,68.2,750
0.9963573662027788,0.9525870720354264,0.9902743067829747,normal,0.929965924711389,validation-0051,True,True,True,991002,12.1,13.6,14.7,750
0.2602988974930034,0.2602988974930034,0.2602988974930034,normal,0.2594671743699321,validation-0058,False,False,False,991002,,,,750
0.07456037310629073,0.07456037310629073,0.07456037310629073,normal,0.0743974750285195,validation-0060,False,False,False,991002,,,,750
0.906740091514817,0.906740091514817,0.906740091514817,normal,0.8625815509518023,validation-0063,True,True,False,991002,17.5,20.0,,750
0.9972913086498909,0.47869248212717247,0.9863081523245111,normal,0.7854071343651141,validation-0067,True,True,True,991002,49.2,56.3,56.7,750
0.9915306985343567,0.9254086684333305,0.9533237656137025,normal,0.8794640638714003,validation-0068,True,True,True,991002,14.9,24.5,58.7,750
0.9217530447303585,0.8028149680903592,0.9217530447303585,normal,0.8591839401031998,validation-0069,True,True,False,991002,23.3,55.8,,750
0.06607696454469635,0.06607696454469635,0.06607696454469635,normal,0.06569447502367766,validation-0092,False,False,False,991002,,,,750
0.9978029568157563,0.97173798653888,0.9973217401320137,normal,0.9236219203957313,validation-0095,True,True,True,991002,21.4,28.9,29.9,750
0.8473543293437696,0.8473543293437696,0.8473543293437696,normal,0.7583271662615224,validation-0097,True,False,False,991002,16.5,,,750
0.9971744331241447,0.9484090074252735,0.9952429956992254,normal,0.9358744610002037,validation-0006,True,True,True,991003,11.6,12.2,38.4,750
0.9973415101209105,0.6710358241427026,0.9551930546413814,normal,0.8251335585557743,validation-0011,True,True,True,991003,43.8,45.4,59.8,750
0.9329738490101293,0.9329454209689301,0.9329738490101293,normal,0.91339009839179,validation-0015,True,True,False,991003,8.4,9.8,,750
0.9973656071246533,0.990355902417798,0.9941803247457279,normal,0.9364821407978201,validation-0017,True,True,True,991003,12.6,15.1,23.2,750
0.21122759073708183,0.21122759073708183,0.21122759073708183,normal,0.21037819745274902,validation-0019,False,False,False,991003,,,,750
0.6617230723929085,0.6599520303599767,0.6617230723929085,normal,0.646339474718171,validation-0035,False,False,False,991003,,,,750
0.9983142295939645,0.985389729087774,0.997108265989441,normal,0.9329047978534681,validation-0040,True,True,True,991003,12.2,23.8,23.9,750
0.9963902950494582,0.9228228834647689,0.9909463125442454,normal,0.9292889714863924,validation-0042,True,True,True,991003,7.8,15.5,54.1,750
0.9969922567709112,0.9455123346863797,0.9852407215875087,normal,0.906052389029908,validation-0045,True,True,True,991003,17.4,22.7,48.1,750
0.06444355005946886,0.06301454057374732,0.06384387874563685,normal,0.06343952286153834,validation-0046,False,False,False,991003,,,,750
0.9934927656374097,0.8861324382834217,0.9842196922434387,normal,0.8827564822330365,validation-0051,True,True,True,991003,26.5,47.5,47.7,750
0.9984675654747586,0.8950365818061059,0.954442804976925,normal,0.8943758607204918,validation-0058,True,True,True,991003,19.9,38.9,46.0,750
0.9987163749991753,0.9709973993869179,0.9926912369485048,normal,0.937057031992921,validation-0060,True,True,True,991003,10.5,12.7,17.7,750
0.9976007616663554,0.8048801126693854,0.9336662879254783,normal,0.883626659217585,validation-0063,True,True,True,991003,28.9,38.1,73.1,750
0.9983348488514625,0.9387096418214012,0.9553331896205989,normal,0.922289906990014,validation-0067,True,True,True,991003,7.1,23.8,52.0,750
0.9994991338012418,0.9866695996846288,0.9969401272845314,normal,0.8996377564263971,validation-0068,True,True,True,991003,18.1,20.7,22.2,750
0.9965535429049234,0.9664565004560989,0.9709030162117672,normal,0.9440451067943696,validation-0069,True,True,True,991003,9.4,13.7,14.0,750
0.979726159404806,0.820671624956409,0.8303869499518591,normal,0.8384570752531337,validation-0092,True,True,True,991003,24.5,66.6,95.2,750
0.99719741039419,0.5768354972251801,0.9836396917582455,normal,0.8059249918932553,validation-0095,True,True,True,991003,52.5,58.1,58.2,750
0.991078661604204,0.9622598511319821,0.987274015728092,normal,0.9021397943065441,validation-0097,True,True,True,991003,14.2,17.5,22.2,750
