comparison,difference_nAUC_120,pose_id,seed,update
B0-B1,-0.03635120735135855,validation-0006,991001,750
B0-B1,-0.02300107900708226,validation-0011,991001,750
B0-B1,0.17687330781324917,validation-0015,991001,750
B0-B1,0.12167670695541255,validation-0017,991001,750
B0-B1,0.08842819553867276,validation-0019,991001,750
B0-B1,0.04157514863649758,validation-0035,991001,750
B0-B1,-0.10608062738713575,validation-0040,991001,750
B0-B1,0.04721934149334195,validation-0042,991001,750
B0-B1,0.08402842726307747,validation-0045,991001,750
B0-B1,-0.48901410135018086,validation-0046,991001,750
B0-B1,0.10099984358428626,validation-0051,991001,750
B0-B1,0.14752265325561775,validation-0058,991001,750
B0-B1,0.1429417701964224,validation-0060,991001,750
B0-B1,0.031095489031727763,validation-0063,991001,750
B0-B1,0.13866012770421854,validation-0067,991001,750
B0-B1,-0.5080582014398902,validation-0068,991001,750
B0-B1,0.0801117930144849,validation-0069,991001,750
B0-B1,0.037805644807721306,validation-0092,991001,750
B0-B1,0.06285958553526483,validation-0095,991001,750
B0-B1,0.09614062073556184,validation-0097,991001,750
B0-B1,0.7619543368433307,validation-0006,991002,750
B0-B1,0.7071072263881003,validation-0011,991002,750
B0-B1,0.6649096049992064,validation-0015,991002,750
B0-B1,0.4427289354708498,validation-0017,991002,750
B0-B1,-0.1207436857513946,validation-0019,991002,750
B0-B1,0.5385357515900522,validation-0035,991002,750
B0-B1,-0.18484920971136806,validation-0040,991002,750
B0-B1,0.41796966839583294,validation-0042,991002,750
B0-B1,0.5255259271547394,validation-0045,991002,750
B0-B1,0.29632900075373547,validation-0046,991002,750
B0-B1,0.5060291513471133,validation-0051,991002,750
B0-B1,-0.15425209682849766,validation-0058,991002,750
B0-B1,-0.33998674408545976,validation-0060,991002,750
B0-B1,0.42571076308748496,validation-0063,991002,750
B0-B1,0.35713467856313486,validation-0067,991002,750
B0-B1,0.3492743537449481,validation-0068,991002,750
B0-B1,0.4246791190169502,validation-0069,991002,750
B0-B1,-0.5651002294120225,validation-0092,991002,750
B0-B1,0.6427307803390185,validation-0095,991002,750
B0-B1,0.251694412080947,validation-0097,991002,750
B0-B1,0.2150103854333586,validation-0006,991003,750
B0-B1,0.1264794476516654,validation-0011,991003,750
B0-B1,0.11136119298111402,validation-0015,991003,750
B0-B1,0.14954539881834494,validation-0017,991003,750
B0-B1,-0.40041245242489176,validation-0019,991003,750
B0-B1,0.06674545789983855,validation-0035,991003,750
B0-B1,0.40778261201622734,validation-0040,991003,750
B0-B1,0.09218841612515583,validation-0042,991003,750
B0-B1,0.2404006490277858,validation-0045,991003,750
B0-B1,-0.5853145664553528,validation-0046,991003,750
B0-B1,0.1491676330705034,validation-0051,991003,750
B0-B1,0.2118200370171508,validation-0058,991003,750
B0-B1,0.1265380003230433,validation-0060,991003,750
B0-B1,0.11995620120222283,validation-0063,991003,750
B0-B1,0.2119693446327532,validation-0067,991003,750
B0-B1,0.08172882741220189,validation-0068,991003,750
B0-B1,0.3186063430925402,validation-0069,991003,750
B0-B1,-0.05899037040668198,validation-0092,991003,750
B0-B1,0.02494949380288025,validation-0095,991003,750
B0-B1,0.20838799609814385,validation-0097,991003,750
B0-I1,-0.023288341695275272,validation-0006,991001,750
B0-I1,-0.09390278205895741,validation-0011,991001,750
B0-I1,0.19157990199419717,validation-0015,991001,750
B0-I1,0.08582642604857693,validation-0017,991001,750
B0-I1,0.08746380122197606,validation-0019,991001,750
B0-I1,0.2162190773531797,validation-0035,991001,750
B0-I1,-0.14449928290369063,validation-0040,991001,750
B0-I1,0.010038309519109001,validation-0042,991001,750
B0-I1,0.524483727832646,validation-0045,991001,750
B0-I1,-0.6694567265421821,validation-0046,991001,750
B0-I1,0.12188117630513606,validation-0051,991001,750
B0-I1,0.09308734782556072,validation-0058,991001,750
B0-I1,0.08822470553748474,validation-0060,991001,750
B0-I1,-0.058446279719226446,validation-0063,991001,750
B0-I1,0.7487024174642938,validation-0067,991001,750
B0-I1,-0.6265147563855863,validation-0068,991001,750
B0-I1,0.06977072742968127,validation-0069,991001,750
B0-I1,0.024704361111674067,validation-0092,991001,750
B0-I1,0.11690212061642258,validation-0095,991001,750
B0-I1,0.5520639318684237,validation-0097,991001,750
B0-I1,0.031031505243008017,validation-0006,991002,750
B0-I1,0.0985690716128077,validation-0011,991002,750
B0-I1,0.33104020481483776,validation-0015,991002,750
B0-I1,0.5129725918844794,validation-0017,991002,750
B0-I1,-0.5884098825611794,validation-0019,991002,750
B0-I1,0.721766083242808,validation-0035,991002,750
B0-I1,-0.4848287509752036,validation-0040,991002,750
B0-I1,-0.06709572144090536,validation-0042,991002,750
B0-I1,-0.013231628068062884,validation-0045,991002,750
B0-I1,0.08997864819129775,validation-0046,991002,750
B0-I1,0.6417954482948831,validation-0051,991002,750
B0-I1,0.1370848832702503,validation-0058,991002,750
B0-I1,-0.7912487723529393,validation-0060,991002,750
B0-I1,0.11786294054178248,validation-0063,991002,750
B0-I1,-0.05359935769603885,validation-0067,991002,750
B0-I1,0.31807301373909336,validation-0068,991002,750
B0-I1,0.5102374259851676,validation-0069,991002,750
B0-I1,-0.7812620172225871,validation-0092,991002,750
B0-I1,0.2362868022838971,validation-0095,991002,750
B0-I1,-0.042093581521536416,validation-0097,991002,750
B0-I1,0.07922265181173538,validation-0006,991003,750
B0-I1,0.4815858674289724,validation-0011,991003,750
B0-I1,-0.0013903945880543445,validation-0015,991003,750
B0-I1,0.623105163596547,validation-0017,991003,750
B0-I1,-0.4119858063258477,validation-0019,991003,750
B0-I1,-0.26535247503884063,validation-0035,991003,750
B0-I1,0.21689300028940073,validation-0040,991003,750
B0-I1,0.02455517112967165,validation-0042,991003,750
B0-I1,0.5695223989195222,validation-0045,991003,750
B0-I1,-0.725722103854084,validation-0046,991003,750
B0-I1,0.01913916208432964,validation-0051,991003,750
B0-I1,0.1717311118481164,validation-0058,991003,750
B0-I1,0.04219874023104897,validation-0060,991003,750
B0-I1,-0.019306258415486055,validation-0063,991003,750
B0-I1,0.0745680314389442,validation-0067,991003,750
B0-I1,0.031752754879816325,validation-0068,991003,750
B0-I1,0.1101192495427078,validation-0069,991003,750
B0-I1,-0.07471757376431964,validation-0092,991003,750
B0-I1,-0.03258196351013021,validation-0095,991003,750
B0-I1,0.13947811886570927,validation-0097,991003,750
