update,condition,seed,n,C30_mean,C60_mean,C120_mean,nAUC_120_mean,nAUC_120_sd,reach80_rate,reach90_rate,reach95_rate
750,normal,991001,20,0.7805520628266285,0.8839842236812129,0.8972135428584014,0.812131591781829,0.21560451617384938,0.85,0.8,0.8
750,normal,991002,20,0.6532488045728265,0.7229338095699083,0.7652017572515512,0.6754095354355176,0.3145869421497447,0.7,0.65,0.5
750,normal,991003,20,0.8069657255642981,0.8688588539371364,0.8902306809361079,0.8104797138987782,0.2413674350353387,0.85,0.85,0.8
750,blind,991001,20,0.7693752725934125,0.8719297054290402,0.935500834867483,0.8003599198303336,0.056918232766018116,1.0,0.8,0.6
750,blind,991002,20,0.38214371513025386,0.38503638750205066,0.39672564066307625,0.37804044823618255,0.14445696801656416,0.0,0.0,0.0
750,blind,991003,20,0.7275890216738792,0.7582738225100888,0.7752167304560885,0.7195837115328779,0.0943749839382377,0.55,0.1,0.05
750,donor,991001,20,0.7270510055789321,0.802796770587827,0.8495950711982001,0.7463895986406569,0.21467880736131253,0.8,0.75,0.55
750,donor,991002,20,0.5882970615515937,0.684227081332126,0.7392335428369885,0.6291630900722246,0.2413033551976066,0.55,0.5,0.4
750,donor,991003,20,0.7176746595527309,0.8204892760294634,0.8776603820351754,0.7578389715702902,0.19951319661127176,0.8,0.8,0.8
750,first_frame,991001,20,0.30324518078853474,0.32037766655507577,0.35907823654957544,0.31723604990515336,0.12273904818156828,0.05,0.05,0.05
750,first_frame,991002,20,0.19228186292410762,0.19234679937771273,0.19253301365212372,0.19116272387418526,0.1281950665898443,0.0,0.0,0.0
750,first_frame,991003,20,0.2656450719250104,0.26565015362732314,0.2656520592675103,0.2615997928852024,0.14251633261589383,0.0,0.0,0.0
1000,normal,991001,20,0.8366114204409476,0.9054300307962232,0.9102294312334938,0.8310715593725596,0.17080488627792514,0.85,0.8,0.75
1000,normal,991002,20,0.840184122136093,0.8683472430564427,0.8695106015321944,0.815149231522621,0.19795037269741259,0.75,0.7,0.65
1000,normal,991003,20,0.8456545489310598,0.8679123700384375,0.8762928246396082,0.8244698674461121,0.2570542379860764,0.85,0.8,0.8
1000,blind,991001,20,0.8941408391865207,0.9653988617117996,0.9862507649926827,0.8886404210265268,0.04328799749811844,1.0,1.0,1.0
1000,blind,991002,20,0.8133610740654486,0.8705861214531397,0.9194555492962289,0.8179108050332703,0.10039653777007393,0.9,0.75,0.5
1000,blind,991003,20,0.8576818035606232,0.9531762530917588,0.9730369632559773,0.8660557153612816,0.09865844724702799,0.95,0.95,0.95
